dataName,friendlyName,orgType,tier,homeRegionMapTemplateName,randomized,takeoverDefense,allowedOnMarket,requiresNationality,requiredOwnerTraits/0,affinities/0,restricted/0,costMoney,costInfluence,costOps,chanceIncomeMoney,incomeMoney,chanceIncomeInfluence,incomeInfluence,chanceEspionage,espionage,chanceSecurity,security,chanceSpoilsBonus,spoilsBonus,iconResource,chanceIncomeOps,incomeOps,chanceInvestigation,investigation,chanceOppressionBonus,oppressionBonus,missionsGrantedNames/0,missionsGrantedNames/1,missionsGrantedNames/2,missionsGrantedNames/3,chanceCommand,command,minScenarioYear,chanceIncomeResearch,incomeResearch,chanceSpaceDevBonus,spaceDevBonus,chanceSpaceflightBonus,spaceflightBonus,chanceMCBonus,MCBonus,chanceMiningBonus,miningBonus,techBonuses/0/category,techBonuses/0/bonus,affinities/1,restricted/1,restricted/2,restricted/3,chancePersuasion,persuasion,grantsMarked,chanceAdministration,administration,chanceScience,science,chanceUnityBonus,unityBonus,chanceKnowledgeBonus,knowledgeBonus,prohibitedOwnerTraits/0,projectsGranted,chanceMilitaryBonus,militaryBonus,chanceIncomeMissionControl,incomeMissionControl,chanceEconomyBonus,economyBonus,chanceIncomeBoost,incomeBoost,chanceEnvironmentBonus,environmentBonus,chanceWelfareBonus,welfareBonus,restricted/4,restricted/5,restricted/6,randCostMoney,randIncomeMoney,requiredTechName,randOppressionBonus,randIncomeOps,randCostInfluence,randCommand,randEspionage,randMilitaryBonus,randSpaceflightBonus,randMCBonus,randIncomeBoost,randIncomeMissionControl,randIncomeResearch,randSpaceDevBonus,randScience,randAdministration,randInvestigation,randSecurity,randIncomeInfluence,randEconomyBonus,randSpoilsBonus,randKnowledgeBonus,randWelfareBonus,randUnityBonus,randPersuasion,chanceGovernmentBonus,governmentBonus,randGovernmentBonus,randCostOps,randEnvironmentBonus,costBoost,randCostBoost,randMiningBonus,affinities/2
GoldenCrescentCartel,Golden Crescent Cartel,Criminal,2,map_Afghanistan,false,-2,true,true,Criminal,Exploit,Cooperate,90,120,10,100,45,100,1,100,1,100,2,100,0.05,orglogos/GoldenCrescentCartel,,,,,,,,,,,,,,,,,,,,,,,,,,,,,,,,,,,,,,,,,,,,,,,,,,,,,,,,,,,,,,,,,,,,,,,,,,,,,,,,,,,,,,,,,,,,
CoordinationofSecurityServices,Coordination of Security Services,Security,2,map_Algeria,false,6,true,true,Government,,,,100,,100,-8,,,100,1,100,2,,,orglogos/CoordinationofSecurityServices,100,2,100,1,100,0.02,InvestigateCouncilor,DetectCouncilActivity,Detain,Crackdown,,,,,,,,,,,,,,,,,,,,,,,,,,,,,,,,,,,,,,,,,,,,,,,,,,,,,,,,,,,,,,,,,,,,,,,,,,,,,,,,,,
MilliIstihbaratTeskilati,Milli Istihbarat Teskilati,Security,2,map_Anatolia,false,3,true,true,Government,,,,100,,100,-10,,,100,1,100,2,,,orglogos/TurkishIntelligence,100,1,100,2,,,InvestigateCouncilor,DetectCouncilActivity,Unrest,,,,,,,,,,,,,,,,,,,,,,,,,,,,,,,,,,,,,,,,,,,,,,,,,,,,,,,,,,,,,,,,,,,,,,,,,,,,,,,,,,,
SpecialForcesCommand,Special Forces Command,Security,1,map_Anatolia,false,,true,true,Government,,,,60,,100,-1,,,,,100,2,,,orglogos/SpecialForcesCommand_MaroonBerets,100,1,,,,,AssaultAlienAsset,Extract,,,100,1,,,,,,,,,,,,,,,,,,,,,,,,,,,,,,,,,,,,,,,,,,,,,,,,,,,,,,,,,,,,,,,,,,,,,,,,,,,,,,,,
NationalSecurityCommittee,National Security Committee,Investigations,1,map_Astana,false,3,true,true,Government,,,,40,,100,-5,,,,,100,1,,,orglogos/NSC_Kazakhstan,,,100,1,,,InvestigateCouncilor,DetectCouncilActivity,,,,,1992,,,,,,,,,,,,,,,,,,,,,,,,,,,,,,,,,,,,,,,,,,,,,,,,,,,,,,,,,,,,,,,,,,,,,,,,,,,,,,,
U.N.OfficeforOuterSpaceAffairs,U.N. Office for Outer Space Affairs,Aerospace,2,map_Austria,false,,true,false,Government,Escape,,,120,,100,-1,,,,,,,,,orglogos/UNOOSA,,,,,,,Advise,,,,,,,100,8,100,0.03,100,0.02,100,0.02,100,0.02,SpaceScience,0.05,,,,,,,,,,,,,,,,,,,,,,,,,,,,,,,,,,,,,,,,,,,,,,,,,,,,,,,,,,,,,,,,,,,
DirektionStaatsschutzundNachrichtendienst,Direktion Staatsschutz und Nachrichtendienst,Security,1,map_Austria,false,3,true,true,Government,Resist,,,100,,100,-6,,,100,1,100,1,,,orglogos/DirektionStaatsschutzundNachrichtendienst,100,1,100,1,,,InvestigateCouncilor,DetectCouncilActivity,,,,,2021,,,,,,,,,,,,,Cooperate,,,,,,,,,,,,,,,,,,,,,,,,,,,,,,,,,,,,,,,,,,,,,,,,,,,,,,,,,,,,,,,,,,
Jagdkommando,Jagdkommando ,Security,1,map_Austria,false,,true,true,Government,,,,100,,100,-1,,,,,100,1,,,orglogos/Jagdkommando,100,1,,,,,AssaultAlienAsset,Extract,,,100,1,,,,,,,,,,,,,,,,,,,,,,,,,,,,,,,,,,,,,,,,,,,,,,,,,,,,,,,,,,,,,,,,,,,,,,,,,,,,,,,,
StateSecurityService,State Security Service,Security,1,map_Azerbaijan,false,6,true,true,Government,,,,100,,100,-5,,,100,1,100,2,,,orglogos/StateSecurityService,100,1,100,1,100,0.01,InvestigateCouncilor,DetectCouncilActivity,Detain,,,,2015,,,,,,,,,,,,,,,,,,,,,,,,,,,,,,,,,,,,,,,,,,,,,,,,,,,,,,,,,,,,,,,,,,,,,,,,,,,,,,,
IslamicStateofIraqandtheLevant,Islamic State of Iraq and the Levant,Criminal,2,map_Baghdad,false,,true,true,Sociopath,Destroy,Resist,,125,10,,,,,100,1,,,,,orglogos/isil,100,2,,,,,Assassinate,Unrest,SabotageFacilities,,100,1,,,,,,,,,,,,,,,Cooperate,Escape,Appease,,,,,,,,,,,,,,,,,,,,,,,,,,,,,,,,,,,,,,,,,,,,,,,,,,,,,,,,,,,,,,,
NationalSecurityIntelligence,National Security Intelligence,Security,1,map_Bangladesh,false,6,true,true,Government,,,,80,,100,-5,,,100,1,100,1,,,orglogos/NationalSecurityIntelligence,,,100,1,100,0.02,InvestigateCouncilor,DetectCouncilActivity,Detain,,,,1972,,,,,,,,,,,,,,,,,,,,,,,,,,,,,,,,,,,,,,,,,,,,,,,,,,,,,,,,,,,,,,,,,,,,,,,,,,,,,,,
NationalTelecommunicationMonitoringCentre,National Telecommunication Monitoring Centre,Investigations,1,map_Bangladesh,false,,true,true,Government,,,,60,,100,-2,,,,,,,,,orglogos/NationalTelecommunicationMonitoringCentre,,,100,1,,,InvestigateCouncilor,InvestigateAlienActivity,,,,,2008,,,,,,,,,,,,,,,,,,,,,,,,,,,,,,,,,,,,,,,,,,,,,,,,,,,,,,,,,,,,,,,,,,,,,,,,,,,,,,,
UnitedFrontWorkDepartment,United Front Work Department,Influence,3,map_Beijing,false,4,true,true,Government,,,,150,,100,-40,100,4,100,1,,,,,orglogos/UnitedFrontWorkDepartment,,,100,1,,,Propaganda,GainInfluence,DefendInterests,,,,1942,,,,,,,,,,,,,,,,,100,2,true,,,,,,,,,,,,,,,,,,,,,,,,,,,,,,,,,,,,,,,,,,,,,,,,,,,,,,,,,,,,
MinistryofStateSecurity,Ministry of State Security,Security,3,map_Beijing,false,6,true,true,Government,,,,300,,100,-220,100,1,100,3,100,3,,,orglogos/MinistryofStateSecurity,100,4,100,2,100,0.03,InvestigateCouncilor,Detain,DetectCouncilActivity,Crackdown,,,,,,,,,,,,,,,,,,,,,,true,100,6,100,1,100,0.03,,,,,,,,,,,,,,,,,,,,,,,,,,,,,,,,,,,,,,,,,,,,,,,,,,,,,,
CyberspaceAdministrationofChina,Cyberspace Administration of China,Security,3,map_Beijing,false,6,true,true,Government,,,,150,,100,-105,100,3,,,,,,,orglogos/CyberspaceAdministrationofChina,,,100,2,,,,,,,,,2014,,,,,,,,,,,,,,,,,,,,100,3,,,100,0.05,100,0.02,,,,,,,,,,,,,,,,,,,,,,,,,,,,,,,,,,,,,,,,,,,,,,,,,,,,
InternationalDepartment,International Department,Investigations,2,map_Beijing,false,4,true,true,Government,,,,180,,100,-20,100,2,,,100,1,,,orglogos/InternationalDepartment,,,100,2,,,Propaganda,InvestigateCouncilor,,,,,1951,,,,,,,,,,,,,,,,,,,,,,,,,,,,,,,,,,,,,,,,,,,,,,,,,,,,,,,,,,,,,,,,,,,,,,,,,,,,,,,
SeaDragon,Sea Dragon,Security,2,map_Beijing,false,,true,true,Government,,,,100,,100,-1,,,,,100,2,,,orglogos/SeaDragon,100,2,,,,,Protect,Stabilize,AssaultAlienAsset,,100,1,,,,,,,,,,,,,,,,,,,,,,,,,,,,,,,,,,,,,,,,,,,,,,,,,,,,,,,,,,,,,,,,,,,,,,,,,,,,,,,,
SnowLeopardCommandoGroup,Snow Leopard Commando Group,Security,2,map_Beijing,false,,true,true,Government,,,,120,,100,-1,,,,,100,2,,,orglogos/SnowLeopardCommandoGroup,100,3,100,2,,,Stabilize,Protect,Detain,AssaultAlienAsset,100,1,,,,,,,,,,,,,,,,,,,,,,,,,,,,,,,,,,,,,,,,,,,,,,,,,,,,,,,,,,,,,,,,,,,,,,,,,,,,,,,,
StateSecurityCommittee,State Security Committee,Security,1,map_Belarus,false,6,true,true,Government,,,,260,,100,-5,100,1,100,1,100,2,,,orglogos/StateSecurityCommittee,100,1,100,1,100,0.02,InvestigateCouncilor,Detain,DetectCouncilActivity,,,,1991,,,,,,,,,,,,,,,,,,,,,,,,100,0.02,,,,,,,,,,,,,,,,,,,,,,,,,,,,,,,,,,,,,,,,,,,,,,,,,,,,,,
Sûretédel'État,Sûreté de l'État,Security,1,map_Belgium,false,6,true,true,Government,,,,200,,100,-10,,,100,1,100,2,,,orglogos/Sûretédel'État,100,1,100,1,,,InvestigateCouncilor,DetectCouncilActivity,,,,,1830,,,,,,,,,,,,,,,,,,,,,,,,,,,,,,,,,,,,,,,,,,,,,,,,,,,,,,,,,,,,,,,,,,,,,,,,,,,,,,,
SecurityandIntelligenceAgencySerbia,Security and Intelligence Agency (Serbia),Security,1,map_Belgrade,false,6,true,true,Government,,,,200,,100,-6,,,100,1,100,1,,,orglogos/SecurityandIntelligenceAgencySerbia,100,2,100,1,100,0.01,InvestigateCouncilor,DetectCouncilActivity,Detain,,,,2002,,,,,,,,,,,,,,,,,,,true,,,,,,,,,,,,,,,,,,,,,,,,,,,,,,,,,,,,,,,,,,,,,,,,,,,,,,,,,,,,
SerbianMafia,Serbian Mafia,Criminal,1,map_Belgrade,false,-1,true,true,Criminal,Exploit,Cooperate,30,20,5,100,20,,,100,1,,,100,0.03,orglogos/SerbianMafia,,,,,,,,,,,,,,,,,,,,,,,,,,,,,,,,,,,,,,,,,,,,,,,,,,,,,,,,,,,,,,,,,,,,,,,,,,,,,,,,,,,,,,,,,,,,
SerbianCobras,Serbian Cobras,Security,1,map_Belgrade,false,,true,true,Government,,,,100,,100,-1,,,,,100,2,,,orglogos/SerbianCobras,100,1,,,,,AssaultAlienAsset,Protect,Extract,Detain,,,,,,,,,,,,,,,,,,,,,,,,,,,,,,,,,,,,,,,,,,,,,,,,,,,,,,,,,,,,,,,,,,,,,,,,,,,,,,,,,,
DirectorateofIntelligenceandSecurity,Directorate of Intelligence and Security,Security,1,map_Botswana,false,6,true,true,Government,,,,40,,100,-3,,,,,100,1,,,orglogos/DirectorateofIntelligenceandSecurity,100,1,100,1,,,InvestigateCouncilor,DetectCouncilActivity,Detain,,,,2007,,,,,,,,,,,,,,,,,,,true,,,,,,,,,,,,,,,,,,,,,,,,,,,,,,,,,,,,,,,,,,,,,,,,,,,,,,,,,,,,
BrazilianIntelligenceAgency,Brazilian Intelligence Agency,Security,2,map_Brasilia,false,6,true,true,Government,,,,150,,100,-40,,,100,2,100,2,,,orglogos/BrazilianIntelligenceAgency,100,1,100,2,,,InvestigateCouncilor,DetectCouncilActivity,Detain,,,,1999,,,,,,,,,,,,,,,,,,,,,,,,,,,,,,,,,,,,,,,,,,,,,,,,,,,,,,,,,,,,,,,,,,,,,,,,,,,,,,,
StateIntelligenceAgency,State Intelligence Agency,Security,1,map_Bulgaria,false,6,true,true,Government,,,,100,,100,-5,,,100,1,100,1,,,orglogos/StateIntelligenceAgency,100,1,100,1,,,InvestigateCouncilor,DetectCouncilActivity,Propaganda,,,,2015,,,,,,,,,,,,,,,,,,,true,,,,,,,,,,,,,,,,,,,,,,,,,,,,,,,,,,,,,,,,,,,,,,,,,,,,,,,,,,,,
StateAgencyforNationalSecurity,State Agency for National Security,Investigations,1,map_Bulgaria,false,6,true,true,Government,,,,100,,100,-5,,,,,100,1,,,orglogos/StateAgencyforNationalSecurity,100,1,100,1,,,InvestigateCouncilor,DetectCouncilActivity,Detain,,,,2008,,,,,,,,,,,,,,,,,,,true,,,,,,,,,,,,,,,,,,,,,,,,,,,,,,,,,,,,,,,,,,,,,,,,,,,,,,,,,,,,
LawrenceLivermoreNationalLaboratory,Lawrence Livermore National Laboratory,Research,3,map_California,false,5,true,true,,,,,200,,100,-41,,,,,,,,,orglogos/LLNL,0,,,,,,,,,,,,,100,35,,,,,,,,,Energy,0.1,,,,,,,,,,100,2,,,,,Criminal,1,100,0.02,,,,,,,,,,,,,,,,,,,,,,,,,,,,,,,,,,,,,,,,,,,,,,,,
JetPropulsionLaboratory,Jet Propulsion Laboratory,Research,3,map_California,false,,true,true,,Cooperate,,,150,,100,-45,,,,,,,,,orglogos/JPL,,,,,,,,,,,,,,100,40,100,0.02,100,0.03,,,,,SpaceScience,0.15,,,,,,,,,,100,2,,,100,0.01,Criminal,1,,,100,1,,,,,,,,,,,,,,,,,,,,,,,,,,,,,,,,,,,,,,,,,,,,,,
1stU.S.SpecialForcesGroup,1st U.S. Special Forces Group,Security,2,map_Cascadia,false,3,true,true,Government,Resist,,,100,,100,-2,,,,,100,2,,,orglogos/1SFG,100,3,,,,,Unrest,Stabilize,AssaultAlienAsset,,100,1,,,,,,,,,,,,,,,,,,,,,,,,,,,,,,,100,0.03,,,,,,,,,,,,,,,,,,,,,,,,,,,,,,,,,,,,,,,,,,,,,,,,
Agencenationaledesecurite,Agence nationale de sécurité,Security,1,map_Chad,false,6,true,true,Government,,,,20,,100,-1,,,,,100,1,,,orglogos/Agencenationaledesecurite,100,1,100,1,,,InvestigateCouncilor,DetectCouncilActivity,,,,,1990,,,,,,,,,,,,,,,,,,,,,,,,,,,,,,,,,,,,,,,,,,,,,,,,,,,,,,,,,,,,,,,,,,,,,,,,,,,,,,,
ChinaAcademyofEngineeringPhysics,China Academy of Engineering Physics,Research,2,map_Chongqing,false,5,true,true,,,,,50,,100,-25,,,,,,,,,orglogos/ChinaAcademyofEngineeringPhysics,,,,,,,,,,,,,1958,100,15,,,,,,,,,Energy,0.1,,,,,,,,,,100,2,,,,,Criminal,,,,,,,,,,,,,,,,,,,,,,,,,,,,,,,,,,,,,,,,,,,,,,,,,,,
HunanBroadcastingSystem,Hunan Broadcasting System,Influence,2,map_Chongqing,false,,true,true,Government,,,36,75,,,,100,4,,,,,,,orglogos/HunanBroadcastingSystem,,,,,,,,,,,,,2010,,,,,,,,,,,,,,,,,100,2,,,,,,,,100,0.02,,,,,,,,,,,,,,,,,,,,,,,,,,,,,,,,,,,,,,,,,,,,,,,,,,,,
SiberianTigers,Siberian Tigers,Security,2,map_Chongqing,false,,true,true,Government,,,,70,,100,-1,,,100,1,100,2,,,orglogos/SiberianTigers,100,2,,,,,Extract,Detain,Stabilize,AssaultAlienAsset,,,,,,,,,,,,,,,,,,,,,,,,,,,,,,,,,,,,,,,,,,,,,,,,,,,,,,,,,,,,,,,,,,,,,,,,,,,,,,,,,,
DireccionNacionaldeInteligencia,Dirección Nacional de Inteligencia,Security,2,map_Colombia,false,6,true,true,Government,,,,120,,100,-5,,,100,1,100,2,,,orglogos/DireccionNacionaldeInteligencia,100,1,100,1,,,InvestigateCouncilor,DetectCouncilActivity,,,,,2011,,,,,,,,,,,,,,,,,,,true,,,,,,,,,,,,,,,,,,,,,,,,,,,,,,,,,,,,,,,,,,,,,,,,,,,,,,,,,,,,
SecurityandIntelligenceAgency,Security and Intelligence Agency,Security,1,map_CroatiaSlovenia,false,6,true,true,Government,,,,80,,100,-5,,,100,1,100,1,,,orglogos/SecurityandIntelligenceAgency,100,1,100,1,,,InvestigateCouncilor,DetectCouncilActivity,,,,,2006,,,,,,,,,,,,,,,,,,,true,,,,,,,,,,,,,,,,,,,,,,,,,,,,,,,,,,,,,,,,,,,,,,,,,,,,,,,,,,,,
DireccionGeneraldeInteligencia,Dirección General de Inteligencia,Security,1,map_Cuba,false,6,true,true,Government,,,,80,,100,-5,100,1,100,1,100,1,,,orglogos/DireccionGeneraldeInteligencia,100,1,100,1,,,InvestigateCouncilor,DetectCouncilActivity,,,,,1961,,,,,,,,,,,,,,,,,,,,,,,,,,,,,,,,,,,,,,,,,,,,,,,,,,,,,,,,,,,,,,,,,,,,,,,,,,,,,,,
SecurityInformationService,Security Information Service,Security,1,map_Czechia,false,6,true,true,Government,,,,60,,100,-5,,,100,1,100,1,,,orglogos/SecurityInformationService,100,1,100,1,,,InvestigateCouncilor,DetectCouncilActivity,,,,,1994,,,,,,,,,,,,,,,,,,,true,,,,,,,,,,,,,,,,,,,,,,,,,,,,,,,,,,,,,,,,,,,,,,,,,,,,,,,,,,,,
DanishSecurityandIntelligenceService,Danish Security and Intelligence Service,Security,1,map_Denmark,false,6,true,true,Government,,,,100,,100,-5,,,100,1,100,2,,,orglogos/DanishSecurityandIntelligenceService,100,1,100,1,,,InvestigateCouncilor,DetectCouncilActivity,,,,,1951,,,,,,,,,,,,,,,,,,,true,,,,,,,,,,,,,,,,,,,,,,,,,,,,,,,,,,,,,,,,,,,,,,,,,,,,,,,,,,,,
JaegerCorps,Jaeger Corps,Security,1,map_Denmark,false,,true,true,Government,,,,100,,100,-1,,,,,100,2,,,orglogos/JaegerCorps,100,1,,,,,AssaultAlienAsset,Extract,,,,,,,,,,,,,,,,,,,,,,,,,,,,,,,,,,,,,,,,,,,,,,,,,,,,,,,,,,,,,,,,,,,,,,,,,,,,,,,,,,,,
AirForceSpecialOperationsCommand,Air Force Special Operations Command,Security,2,map_Dixie,false,5,true,true,Government,,,,80,,100,-4,,,,,100,1,,,orglogos/AFSOC,100,3,,,,,Extract,,,,100,1,,,,,,,,,,,,,,,,,,,,,,,,,,,,,,,,,,,,,,,,,,,,,,,,,,,,,,,,,,,,,,,,,,,,,,,,,,,,,,,,
7thU.S.SpecialForcesGroup,7th U.S. Special Forces Group,Security,2,map_Dixie,false,3,true,true,Government,Resist,,,100,,100,-2,,,,,100,2,,,orglogos/7SFG,100,3,,,,,Unrest,Stabilize,AssaultAlienAsset,,100,1,,,,,,,,,,,,,,,,,,,,,,,,,,,,,,,100,0.03,,,,,,,,,,,,,,,,,,,,,,,,,,,,,,,,,,,,,,,,,,,,,,,,
Bundesnachrichtendienst,Bundesnachrichtendienst,Security,2,map_EastGermany,false,6,true,true,Government,,,,200,,100,-30,,,100,1,100,1,,,orglogos/Bundesnachrichtendienst,100,1,100,2,,,InvestigateCouncilor,DetectCouncilActivity,Detain,,,,,,,,,,,,,,,,,,,,,,,,,,,,,,,,,,,,,,,,,,,,,,,,,,,,,,,,,,,,,,,,,,,,,,,,,,,,,,,,,,,
GihazElMukhabaratElAmma,Gihaz El Mukhabarat El Amma,Security,2,map_Egypt,false,3,true,true,Government,,,,120,,100,-10,,,100,2,100,2,,,orglogos/EgyptianIntelligence,100,1,100,2,,,InvestigateCouncilor,DetectCouncilActivity,,,,,,,,,,,,,,,,,,,,,,,,,,,,,,,,,,,,,,,,,,,,,,,,,,,,,,,,,,,,,,,,,,,,,,,,,,,,,,,,,,,,
Sa'kaForces,Sa'ka Forces,Security,1,map_Egypt,false,,true,true,Government,,,,100,,100,-1,,,,,100,2,,,orglogos/Sa'ka_Forces,100,1,,,,,AssaultAlienAsset,Extract,,,,,,,,,,,,,,,,,,,,,,,,,,,,,,,,,,,,,,,,,,,,,,,,,,,,,,,,,,,,,,,,,,,,,,,,,,,,,,,,,,,,
SecretIntelligenceService,Secret Intelligence Service,Security,3,map_England,false,6,true,true,Government,,,,250,,100,-50,,,100,3,100,2,,,orglogos/MI6,100,2,100,2,,,InvestigateCouncilor,DetectCouncilActivity,Stabilize,,,,,,,,,,,,,,,,,,,,,,,true,,,,,,,,,,,,,,,,,,,,,,,,,,,,,,,,,,,,,,,,,,,,,,,,,,,,,,,,,,,,
NationalCrimeAgency,National Crime Agency,Investigations,2,map_England,false,6,true,true,Government,,,,200,,100,-45,,,,,100,2,,,orglogos/NationalCrimeAgency,100,1,100,3,,,InvestigateCouncilor,DetectCouncilActivity,Detain,,,,2013,,,,,,,,,,,,,,,,,,,true,,,,,,,,,,,,,,,,,,,,,,,,,,,,,,,,,,,,,,,,,,,,,,,,,,,,,,,,,,,,
SecurityService,Security Service,Investigations,2,map_England,false,6,true,true,Government,,,,200,,100,-50,,,100,1,100,2,,,orglogos/MI5,100,1,100,3,,,InvestigateCouncilor,DetectCouncilActivity,Detain,,,,,,,,,,,,,,,,,,,,,,,,,,,,,,,,,,,,,,,,,,,,,,,,,,,,,,,,,,,,,,,,,,,,,,,,,,,,,,,,,,,
SpecialAirService,Special Air Service,Security,2,map_England,false,6,true,true,Government,,,,200,,100,-2,,,,,100,1,,,orglogos/UKSAS,100,3,,,,,Extract,Detain,AssaultAlienAsset,,100,1,,,,,,,,,,,,,,,,,,,,,,,,,,,,,,,,,,,,,,,,,,,,,,,,,,,,,,,,,,,,,,,,,,,,,,,,,,,,,,,,
GovernmentCommunicationsHeadquarters,Government Communications Headquarters,Investigations,2,map_England,false,6,true,true,Government,,,,200,,100,-20,,,100,1,,,,,orglogos/GCHQ,,,100,2,,,InvestigateCouncilor,DetectCouncilActivity,,,,,,,,,,,,,,,,,,,,,,100,1,,,,,,,,,,,,,,,,,,,,,,,,,,,,,,,,,,,,,,,,,,,,,,,,,,,,,,,,,,,,,
SpecialBoatService,Special Boat Service,Security,2,map_England,false,,true,true,Government,,,,100,,100,-1,,,,,100,2,,,orglogos/UKSpecialBoatService,100,1,,,,,Extract,AssaultAlienAsset,Protect,,100,1,,,,,,,,,,,,,,,,,,,,,,,,,,,,,,,,,,,,,,,,,,,,,,,,,,,,,,,,,,,,,,,,,,,,,,,,,,,,,,,,
NationalIntelligenceandSecurityService,National Intelligence and Security Service,Investigations,2,map_Ethiopia,false,4,true,true,Government,,,,125,,100,-2,100,2,100,1,100,1,,,orglogos/NISS,100,1,100,2,,,DefendInterests,Stabilize,DetectCouncilActivity,,100,1,1941,,,,,,,,,,,,,,,,,,,,,,,,,,,,,,,,,,,,,,,,,,,,,,,,,,,,,,,,,,,,,,,,,,,,,,,,,,,,,,,
AgaziCommandos,Agazi Commandos,Security,1,map_Ethiopia,false,,true,true,Government,,,,100,,100,-1,,,,,100,2,,,orglogos/AgaziCommandos,100,1,,,,,AssaultAlienAsset,Extract,,,,,,,,,,,,,,,,,,,,,,,,,,,,,,,,,,,,,,,,,,,,,,,,,,,,,,,,,,,,,,,,,,,,,,,,,,,,,,,,,,,,
FinnishSecurityandIntelligenceService,Finnish Security and Intelligence Service,Security,1,map_Finland,false,6,true,true,Government,,,,100,,100,-4,,,100,1,100,1,,,orglogos/FinnishSecurityandIntelligenceService,100,1,100,1,,,InvestigateCouncilor,DetectCouncilActivity,,,,,1948,,,,,,,,,,,,,,,,,,,true,,,,,,,,,,,,,,,,,,,,,,,,,,,,,,,,,,,,,,,,,,,,,,,,,,,,,,,,,,,,
BundesamtfurVerfassungsschutz,Bundesamt für Verfassungsschutz,Security,2,map_Germany,false,6,true,true,Government,,,,200,,100,-20,,,100,1,100,2,,,orglogos/BundesamtfurVerfassungsschutz,100,1,100,3,,,InvestigateCouncilor,DetectCouncilActivity,,,,,1950,,,,,,,,,,,,,,,,,,,true,,,,,,,,,,,,,,,,,,,,,,,,,,,,,,,,,,,,,,,,,,,,,,,,,,,,,,,,,,,,
GSG9derBundespolizei,GSG 9 der Bundespolizei,Security,2,map_Germany,false,6,true,true,Government,,,,200,,100,-2,,,,,100,2,,,orglogos/GSG9,100,2,100,1,,,Extract,Detain,Protect,,100,1,,,,,,,,,,,,,,,,,,,,,,,,,,,,,Criminal,,,,,,,,,,,,,,,,,,,,,,,,,,,,,,,,,,,,,,,,,,,,,,,,,,,
SouthernSword,Southern Sword,Security,2,map_Guangzhou,false,,true,true,Government,,,,80,,100,-1,,,100,1,100,2,,,orglogos/SouthernSword,100,3,,,,,Extract,Detain,Stabilize,AssaultAlienAsset,,,,,,,,,,,,,,,,,,,,,,,,,,,,,,,,,,,,,,,,,,,,,,,,,,,,,,,,,,,,,,,,,,,,,,,,,,,,,,,,,,
HongKongTriad,Hong Kong Triad,Criminal,3,map_HongKong,false,-3,true,true,Criminal,Exploit,Cooperate,100,120,10,100,45,100,1,100,2,100,2,100,0.04,orglogos/HongKongTriad,100,2,,,,,,,,,,,,,,,,,,,,,,,,,,,,,,true,100,5,,,,,,,,,,,,,,,,,,,,,,,,,,,,,,,,,,,,,,,,,,,,,,,,,,,,,,,,,,
CriminalIntelligenceBureau,Criminal Intelligence Bureau,Security,2,map_HongKong,false,6,true,true,Government,,,,180,,100,-20,,,,,100,1,,,orglogos/CriminalIntelligenceBureau,,,100,2,100,0.02,InvestigateCouncilor,DetectCouncilActivity,Detain,,,,,,,,,,,,,,,,,,,,,,,,,,,,,,,,Criminal,,,,,,,,,,,,,,,,,,,,,,,,,,,,,,,,,,,,,,,,,,,,,,,,,,,
InformaciosHivatal,Információs Hivatal,Security,1,map_Hungary,false,6,true,true,Government,,,,100,,100,-5,,,100,1,100,1,,,orglogos/InformaciosHivatal,100,1,100,1,,,InvestigateCouncilor,DetectCouncilActivity,,,,,1990,,,,,,,,,,,,,,,,,,,true,,,,,,,,,,,,,,,,,,,,,,,,,,,,,,,,,,,,,,,,,,,,,,,,,,,,,,,,,,,,
AlkotmanyvedelmiHivatal,Alkotmányvédelmi Hivatal,Security,1,map_Hungary,false,6,true,true,Government,,,,100,,100,-3,100,1,100,1,100,1,,,orglogos/AlkotmanyvedelmiHivatal,100,2,100,1,,,InvestigateCouncilor,DetectCouncilActivity,Detain,,,,2010,,,,,,,,,,,,,,,,,,,,,,,,,,,,,,,,,,,,,,,,,,,,,,,,,,,,,,,,,,,,,,,,,,,,,,,,,,,,,,,
9Para,9 Para,Security,2,map_Hyderabad,false,,true,true,Government,,,,150,,100,-2,,,,,100,2,,,orglogos/9PARA,100,2,,,,,AssaultAlienAsset,Extract,,,100,1,,,,,,,,,,,,,,,,,,,,,,,,,,,,,,,,,,,,,,,,,,,,,,,,,,,,,,,,,,,,,,,,,,,,,,,,,,,,,,,,
Mossad,Mossad,Security,3,map_Israel,false,6,true,true,Government,,Submit,,300,,100,-75,100,1,100,3,100,3,,,orglogos/Mossad,100,3,100,1,,,Assassinate,Unrest,Coup,Crackdown,100,1,,,,,,,,,,,,,,,,,,100,1,true,,,,,,,,,,,,,,,,,,,,,,,,,,,,,,,,,,,,,,,,,,,,,,,,,,,,,,,,,,,,
ShinBet,Shin Bet,Security,2,map_Israel,false,6,true,true,Government,,,,250,,100,-35,100,1,,,100,2,,,orglogos/ShinBet,100,2,100,3,,,InvestigateCouncilor,DetectCouncilActivity,Detain,Crackdown,,,1949,,,,,,,,,,,,,,,,,,,true,,,,,,,,,,,,,,,,,,,,,,,,,,,,,,,,,,,,,,,,,,,,,,,,,,,,,,,,,,,,
SayeretMatkal,Sayeret Matkal,Security,2,map_Israel,false,,true,true,Government,,,,120,,100,-1,,,100,1,100,1,,,orglogos/SayeretMatkal,100,2,,,,,Extract,DetectCouncilActivity,,,,,,,,,,,,,,,,,,,,,,,,,,,,,,,,,,,,,,,,,,,,,,,,,,,,,,,,,,,,,,,,,,,,,,,,,,,,,,,,,,,,
Shayetet13,Shayetet 13,Security,1,map_Israel,false,,true,true,Government,Destroy,,,120,,100,-1,,,,,100,2,,,orglogos/Shayetet13,100,2,,,,,Extract,Protect,AssaultAlienAsset,,100,1,,,,,,,,,,,,,,,,,,,,,,,,,,,,,,,,,,,,,,,,,,,,,,,,,,,,,,,,,,,,,,,,,,,,,,,,,,,,,,,,
AgenziaInformazionieSicurezzaEsterna,Agenzia Informazioni e Sicurezza Esterna,Security,2,map_Italy,false,6,true,true,Government,,,,180,,100,-15,,,100,2,100,1,,,orglogos/AgenziaInformazionieSicurezzaEsterna,100,2,100,1,,,InvestigateCouncilor,DetectCouncilActivity,Detain,,,,2007,,,,,,,,,,,,,,,,,,,,,,,,,,,,,,,,,,,,,,,,,,,,,,,,,,,,,,,,,,,,,,,,,,,,,,,,,,,,,,,
ArmadeiCarabinieri,Arma dei Carabinieri ,Investigations,2,map_Italy,false,4,true,true,Government,,,,75,,100,-2,,,,,100,2,,,orglogos/Carabinieri,100,1,100,2,,,InvestigateCouncilor,Stabilize,,,100,1,,,,,,,,,,,,,,,,,,,,,,,,,,,,,Criminal,,,,,,,,,,,,,,,,,,,,,,,,,,,,,,,,,,,,,,,,,,,,,,,,,,,
BadanIntelijenNegara,Badan Intelijen Negara,Security,2,map_Java,false,6,true,true,Government,,,,150,,100,-10,,,100,1,100,1,,,orglogos/BadanIntelijenNegara,100,1,100,1,,,InvestigateCouncilor,DetectCouncilActivity,Detain,,,,,,,,,,,,,,,,,,,,,,,true,,,,,,,,,,,,,,,,,,,,,,,,,,,,,,,,,,,,,,,,,,,,,,,,,,,,,,,,,,,,
NationalCyberandCryptoAgency,National Cyber and Crypto Agency,Security,2,map_Java,false,6,true,true,Government,Resist,,,150,,100,-5,,,,,,,,,orglogos/NationalCyberandCryptoAgency,,,100,2,100,0.02,InvestigateCouncilor,DetectCouncilActivity,,,,,2017,,,,,,,,,,,,,Exploit,,,,,,,,,,,,,,,,,,,,,,,,,,,,,,,,,,,,,,,,,,,,,,,,,,,,,,,,,,,,,,,,,,
Kopassus,Kopassus,Security,1,map_Java,false,,true,true,Government,Destroy,Cooperate,,100,,100,-1,,,,,100,1,,,orglogos/KopassusIndonesia,100,1,,,,,AssaultAlienAsset,Extract,,,,,,,,,,,,,,,,,,,Escape,,,,,,,,,,,,,,,,,,,,,,,,,,,,,,,,,,,,,,,,,,,,,,,,,,,,,,,,,,,,,,,,,
Denjaka,Denjaka,Security,1,map_Java,false,,true,true,Government,,,,100,,100,-1,,,,,100,1,,,orglogos/DenjakaIndonesia,100,1,,,,,AssaultAlienAsset,Extract,,,,,,,,,,,,,,,,,,,,,,,,,,,,,,,,,,,,,,,,,,,,,,,,,,,,,,,,,,,,,,,,,,,,,,,,,,,,,,,,,,,,
StateSecurityAgency,State Security Agency,Security,2,map_Johannesburg,false,6,true,true,Government,,,,180,,100,-10,,,,,100,2,,,orglogos/StateSecurityAgency,100,2,100,2,100,0.02,InvestigateCouncilor,DetectCouncilActivity,Detain,,,,2009,,,,,,,,,,,,,,,,,,,,,,,,,,,,,,,,,,,,,,,,,,,,,,,,,,,,,,,,,,,,,,,,,,,,,,,,,,,,,,,
GeneralIntelligenceDepartment,General Intelligence Department,Security,1,map_Jordan,false,6,true,true,Government,,,,100,,100,-3,100,1,100,1,100,1,,,orglogos/GeneralIntelligenceDepartment,100,2,100,1,,,InvestigateCouncilor,DetectCouncilActivity,Detain,,,,1964,,,,,,,,,,,,,,,,,,,true,,,,,,,,,,,,,,,,,,,,,,,,,,,,,,,,,,,,,,,,,,,,,,,,,,,,,,,,,,,,
DepartmentofStateServices,Department of State Services,Security,2,map_Kano,false,6,true,true,Government,,,,150,,100,-8,,,100,1,100,2,,,orglogos/DepartmentofStateServices,100,1,100,2,100,0.03,InvestigateCouncilor,DetectCouncilActivity,Detain,,,,1986,,,,,,,,,,,,,,,,,,,,,,,,,,,,Criminal,,,,,,,,,,,,,,,,,,,,,,,,,,,,,,,,,,,,,,,,,,,,,,,,,,,
NationalSecurityIntelligenceService,National Security Intelligence Service,Investigations,1,map_Kenya,false,3,true,true,Government,,,,75,,100,-3,,,,,100,1,,,orglogos/NSIS_Kenya,100,1,100,1,100,0.01,DetectCouncilActivity,InvestigateCouncilor,,,,,1998,,,,,,,,,,,,,,,,,,,,,,,,,,,,,,,,,,,,,,,,,,,,,,,,,,,,,,,,,,,,,,,,,,,,,,,,,,,,,,,
SecurityServiceofUkraine,Security Service of Ukraine,Security,2,map_Kiev,false,6,true,true,Government,,,,200,,100,-20,,,100,1,100,2,,,orglogos/SecurityServiceofUkraine,100,2,100,2,100,0.03,InvestigateCouncilor,DetectCouncilActivity,Detain,,,,1991,,,,,,,,,,,,,,,,,,,true,,,,,,,,,,,,,,,,,,,,,,,,,,,,,,,,,,,,,,,,,,,,,,,,,,,,,,,,,,,,
Agencenationalederenseignements,Agence nationale de renseignements,Security,2,map_Kinshasa,false,6,true,true,Government,,,,165,,100,-5,100,1,100,1,100,2,,,orglogos/Agencenationalederenseignements,100,1,100,1,,,InvestigateCouncilor,DetectCouncilActivity,Detain,,,,1997,,,,,,,,,,,,,,,,,,,true,,,,,,,,,,,,,,,,,,,,,,,,,,,,,,,,,,,,,,,,,,,,,,,,,,,,,,,,,,,,
Hezbollah,Hezbollah,Security,3,map_Lebanon,false,4,true,true,Government,Destroy,Cooperate,,250,,,,100,1,100,2,100,3,,,orglogos/Hezbollah,100,3,,,,,Assassinate,Unrest,SabotageFacilities,AssaultAlienAsset,100,1,,,,,,,,,,,,,,,Escape,Appease,,,,true,100,5,,,,,,,,,,,,,,,,,,,,,,,,,,,,,,,,,,,,,,,,,,,,,,,,,,,,,,,,,,
NationalIntelligenceCoordinatingAgency,National Intelligence Coordinating Agency,Security,1,map_Luzon,false,6,true,true,Government,,,,100,,100,-2,,,100,1,100,1,,,orglogos/NationalIntelligenceCoordinatingAgency,100,1,100,1,,,InvestigateCouncilor,DetectCouncilActivity,,,,,1949,,,,,,,,,,,,,,,,,,,,,,,,,,,,,,,,,,,,,,,,,,,,,,,,,,,,,,,,,,,,,,,,,,,,,,,,,,,,,,,
Interpol,Interpol,Investigations,2,map_Lyon,false,3,true,false,Government,,,,150,,100,-4,,,,,100,2,,,orglogos/Interpol,100,1,100,2,,,InvestigateCouncilor,DetectCouncilActivity,Crackdown,Detain,,,,,,,,,,,,,,,,,,,,,,,,,,,,,,,Criminal,,,,,,,,,,,,,,,,,,,,,,,,,,,,,,,,,,,,,,,,,,,,,,,,,,,
MalaysianExternalIntelligenceOrganisation,Malaysian External Intelligence Organisation,Security,2,map_MalayPeninsula,false,6,true,true,Government,,,,150,,100,-8,,,100,2,100,1,,,orglogos/MalaysianExternalIntelligenceOrganisation,100,1,100,1,,,InvestigateCouncilor,DetectCouncilActivity,,,,,1960,,,,,,,,,,,,,,,,,,,,,,,,,,,,,,,,,,,,,,,,,,,,,,,,,,,,,,,,,,,,,,,,,,,,,,,,,,,,,,,
MalaysianSpecialBranch,Malaysian Special Branch,Security,1,map_MalayPeninsula,false,6,true,true,Government,,,,100,,100,-3,,,100,1,100,2,,,orglogos/MalaysianSpecialBranch,100,1,100,1,100,0.02,InvestigateCouncilor,DetectCouncilActivity,Detain,,,,1948,,,,,,,,,,,,,,,,,,,true,,,,,,,,,,,,,,,,,,,,,,,,,,,,,,,,,,,,,,,,,,,,,,,,,,,,,,,,,,,,
NationalIntelligenceCentre,National Intelligence Centre,Security,2,map_MexicoCity,false,5,true,true,Government,,,,160,,100,-4,,,,,100,2,,,orglogos/CNI_Mexico,100,2,100,1,,,InvestigateCouncilor,Protect,,,,,2018,,,,,,,,,,,,,,,,,,,,,,,,,,,,,,,,,,,,,,,,,,,,,,,,,,,,,,,,,,,,,,,,,,,,,,,,,,,,,,,
JemaahIslamiyah,Jemaah Islamiyah,Criminal,1,map_MoluccasandSulawesi,false,,true,true,Sociopath,Destroy,Resist,,80,5,,,,,100,1,100,1,,,orglogos/JemaahIslamiyah,100,1,,,,,Unrest,SabotageFacilities,,,,,,,,,,,,,,,,,,,Cooperate,Escape,Appease,,,,,,,,,,,,,,,,,,,,,,,,,,,,,,,,,,,,,,,,,,,,,,,,,,,,,,,,,,,,,,,
SinaloaCartel,Sinaloa Cartel,Criminal,3,map_Monterrey,false,-3,true,true,Criminal,Exploit,Cooperate,80,100,20,100,80,100,1,100,1,100,2,100,0.05,orglogos/SinaloaCartel,100,2,,,,,Assassinate,Detain,,,,,,,,,,,,,,,,,,,Escape,,,,,true,100,5,,,,,,,,,,,,,,,,,,,,,,,,,,,,,,,,,,,,,,,,,,,,,,,,,,,,,,,,,,
GulfCartel,Gulf Cartel,Criminal,2,map_Monterrey,false,-2,true,true,Criminal,Exploit,Cooperate,50,50,20,100,40,100,1,100,1,100,2,100,0.04,orglogos/GulfCartel,100,1,,,,,Assassinate,Detain,,,,,,,,,,,,,,,,,,,Escape,,,,,true,100,4,,,,,,,,,,,,,,,,,,,,,,,,,,,,,,,,,,,,,,,,,,,,,,,,,,,,,,,,,,
LosZetas,Los Zetas,Criminal,2,map_Monterrey,false,-2,true,true,Criminal,Exploit,Cooperate,50,40,20,100,50,100,1,100,1,100,2,100,0.03,orglogos/LosZetas,100,2,,,,,Assassinate,Unrest,Detain,,100,1,,,,,,,,,,,,,,,Escape,,,,,true,,,,,,,,,,,,,,,,,,,,,,,,,,,,,,,,,,,,,,,,,,,,,,,,,,,,,,,,,,,,
GeneralDirectorateforTerritorialSurveillance,General Directorate for Territorial Surveillance,Security,1,map_Morocco,false,6,true,true,Government,,,,80,,100,-3,,,100,1,100,1,,,orglogos/GeneralDirectorateforTerritorialSurveillance,100,1,100,1,100,0.01,InvestigateCouncilor,DetectCouncilActivity,Detain,,,,1973,,,,,,,,,,,,,,,,,,,true,,,,,,,,,,,,,,,,,,,,,,,,,,,,,,,,,,,,,,,,,,,,,,,,,,,,,,,,,,,,
DirectorateofResearchandDocumentation,Directorate of Research and Documentation,Security,1,map_Morocco,false,6,true,true,Government,,,,80,,100,-2,,,100,1,100,1,,,orglogos/DirectorateofResearchandDocumentation,100,2,100,1,,,InvestigateCouncilor,DetectCouncilActivity,Detain,,,,1973,,,,,,,,,,,,,,,,,,,true,,,,,,,,,,,,,,,,,,,,,,,,,,,,,,,,,,,,,,,,,,,,,,,,,,,,,,,,,,,,
FederalSecurityService,Federal Security Service,Investigations,3,map_Moskva,false,6,true,true,Government,Exploit,,,250,,100,-150,100,1,,,100,2,,,orglogos/FSS,100,2,100,2,100,0.04,InvestigateCouncilor,DetectCouncilActivity,Detain,Crackdown,,,,,,,,,,,,,,,,,,,,100,1,true,100,6,,,,,,,,,,,,,,,,,,,,,,,,,,,,,,,,,,,,,,,,,,,,,,,,,,,,,,,,,,
MainIntelligenceDirectorate,Main Intelligence Directorate,Security,3,map_Moskva,false,6,true,true,Government,Exploit,,,250,,100,-50,100,2,100,3,100,2,100,0.02,orglogos/MID,100,4,100,1,,,Assassinate,Unrest,Coup,Purge,,,,,,,,,,,,,,,,,,,,100,1,true,100,6,,,,,,,,,100,0.01,,,,,,,,,,,,,,,,,,,,,,,,,,,,,,,,,,,,,,,,,,,,,,,,
SolntsevskayaBratva,Solntsevskaya Bratva,Criminal,3,map_Moskva,false,-3,true,true,Criminal,Exploit,Cooperate,200,200,20,100,90,100,1,100,1,100,3,100,0.06,orglogos/SolntsevskayaBratva,100,2,,,,,Assassinate,,,,,,,,,,,,,,,,,,,,,,,,,true,100,5,,,,,,,,,,,,,,,,,,,,,,,,,,,,,,,,,,,,,,,,,,,,,,,,,,,,,,,,,,
ForeignIntelligenceService,Foreign Intelligence Service,Security,2,map_Moskva,false,6,true,true,Government,Exploit,,,250,,100,-20,,,100,1,100,1,,,orglogos/FIS,100,3,100,1,,,InvestigateCouncilor,DetectCouncilActivity,Propaganda,,,,,,,,,,,,,,,,,,,,,100,1,,100,4,,,,,,,,,,,,,,,,,,,,,,,,,,,,,,,,,,,,,,,,,,,,,,,,,,,,,,,,,,
FederalProtectiveService,Federal Protective Service,Security,2,map_Moskva,false,6,true,true,Government,,,,150,,100,-10,,,,,100,3,,,orglogos/FPS,100,1,100,1,,,InvestigateCouncilor,Protect,DefendInterests,,100,1,,,,,,,,,,,,,,,,,,,,,,,,,,,,,,,,,,,,,,,,,,,,,,,,,,,,,,,,,,,,,,,,,,,,,,,,,,,,,,,,
BratskiKrug,Bratski Krug,Criminal,2,map_Moskva,false,-2,true,true,Criminal,Exploit,Cooperate,150,50,10,100,25,100,1,100,1,100,1,100,0.05,orglogos/BratskiKrug,100,1,,,,,Assassinate,,,,,,,,,,,,,,,,,,,,,,,,,,,,,,,,,,,,,,,,,,,,,,,,,,,,,,,,,,,,,,,,,,,,,,,,,,,,,,,,,,,,,
AzeriMafia,Azeri Mafia,Criminal,1,map_Moskva,false,-1,true,true,Criminal,Exploit,Cooperate,30,20,5,100,20,,,,,100,1,100,0.02,orglogos/AzeriMafia,100,1,,,,,,,,,,,,,,,,,,,,,,,,,,,,,,,,,,,,,,,,,,,,,,,,,,,,,,,,,,,,,,,,,,,,,,,,,,,,,,,,,,,,,,,,,,
GoldenTriangleCartel,Golden Triangle Cartel,Criminal,3,map_Myanmar,false,-3,true,true,Criminal,Exploit,Cooperate,100,100,10,100,60,100,1,100,1,100,2,100,0.06,orglogos/GoldenTriangleCartel,,,,,,,,,,,,,,,,,,,,,,,,,,,,,,,,true,,,,,,,,,,,,,,,,,,,,,,,,,,,,,,,,,,,,,,,,,,,,,,,,,,,,,,,,,,,,
Mabahith,Mabahith,Security,2,map_Najd,false,4,true,true,Government,,,,125,,100,-20,,,100,1,100,2,,,orglogos/Mabahith,100,1,100,2,100,0.04,InvestigateCouncilor,DetectCouncilActivity,Coup,Purge,,,1924,,,,,,,,,,,,,,,,,,,,,,,,,,,,,,,,,,,,,,,,,,,,,,,,,,,,,,,,,,,,,,,,,,,,,,,,,,,,,,,
AlMukhabaratAlAamah,Al Mukhabarat Al Aamah,Security,1,map_Najd,false,3,true,true,Government,Destroy,,,100,,100,-5,,,100,2,100,1,,,orglogos/SaudiIntelligence,100,1,100,1,,,InvestigateCouncilor,DetectCouncilActivity,Detain,,,,,,,,,,,,,,,,,,,,,,,,,,,,,,,,,,,,,,,,,,,,,,,,,,,,,,,,,,,,,,,,,,,,,,,,,,,,,,,,,,,
HefeiComprehensiveNationalScienceCenter,Hefei Comprehensive National Science Center,Research,3,map_Nanchang,false,5,true,true,,,,,200,,100,-150,,,,,,,,,orglogos/HefeiComprehensiveNationalScienceCenter,,,,,,,,,,,,,2017,100,20,,,,,,,,,Information,0.1,,,,,,,,,,100,3,,,100,0.02,Criminal,,,,,,100,0.03,,,,,,,,,,,,,,,,,,,,,,,,,,,,,,,,,,,,,,,,,,,,
LaCosaNostra,La Cosa Nostra,Criminal,3,map_Naples,false,-3,true,true,Criminal,Exploit,Cooperate,80,80,5,100,45,100,1,100,1,100,2,100,0.04,orglogos/CosaNostra,100,1,,,,,Assassinate,HostileTakeover,Detain,,,,,,,,,,,,,,,,,,,,,,,true,100,5,,,,,,,,,,,,,,,,,,,,,,,,,,,,,,,,,,,,,,,,,,,,,,,,,,,,,,,,,,
Nedrangheta,Nedrangheta,Criminal,3,map_Naples,false,-3,true,true,Criminal,Exploit,Cooperate,100,80,5,100,60,100,1,100,1,100,2,100,0.05,orglogos/Nedrangheta,100,1,,,,,Assassinate,HostileTakeover,,,,,,,,,,,,,,,,,,,,,,,,true,100,2,,,,,,,,,,,,,,,,,,,,,,,,,,,,,,,,,,,,,,,,,,,,,,,,,,,,,,,,,,
Camorra,Camorra,Criminal,3,map_Naples,false,-3,true,true,Criminal,Exploit,Cooperate,120,80,10,100,40,100,1,100,1,100,1,100,0.03,orglogos/Camorra,100,1,,,,,Assassinate,,,,,,,,,,,,,,,,,,,,,,,,,true,100,1,,,,,,,,,,,,,,,,,,,,,,,,,,,,,,,,,,,,,,,,,,,,,,,,,,,,,,,,,,
GeneralIntelligenceandSecurityService,General Intelligence and Security Service,Security,2,map_Netherlands,false,6,true,true,Government,,,,180,,100,-8,,,100,1,100,1,,,orglogos/GeneralIntelligenceandSecurityService,100,1,100,1,,,InvestigateCouncilor,DetectCouncilActivity,DefendInterests,,,,2002,,,,,,,,,,,,,,,,,,,true,,,,,,,,,,,,,,,,,,,,,,,,,,,,,,,,,,,,,,,,,,,,,,,,,,,,,,,,,,,,
NationalCoordinatorforCounterterrorismandSecurity,National Coordinator for Counterterrorism and Security,Security,1,map_Netherlands,false,2,true,true,Government,,,,80,,100,-5,,,,,100,1,,,orglogos/NationalCoordinatorforCounterterrorismandSecurity,,,100,2,,,InvestigateCouncilor,DetectCouncilActivity,Stabilize,,,,2012,,,,,,,,,,,,,,,,,,,,,,,,,,,,,,,,,,,,,,,,,,,,,,,,,,,,,,,,,,,,,,,,,,,,,,,,,,,,,,,
IntelligenceBureau,Intelligence Bureau,Security,3,map_NewDelhi,false,6,true,true,Government,,,,200,,100,-40,100,1,100,1,100,3,,,orglogos/IntelligenceBureau,100,2,100,2,,,InvestigateCouncilor,DetectCouncilActivity,,,,,1887,,,,,,,,,,,,,,,,,,,true,,,,,,,,,,,,,,,,,,,,,,,,,,,,,,,,,,,,,,,,,,,,,,,,,,,,,,,,,,,,
ResearchandAnalysisWing,Research and Analysis Wing,Security,3,map_NewDelhi,false,6,true,true,Government,,,,200,,100,-25,,,100,2,100,1,,,orglogos/IndianResearchAnalysisWing,100,2,100,2,,,InvestigateCouncilor,DetectCouncilActivity,DefendInterests,Assassinate,,,,,,,,,,,,,,,,,,,,,,true,,,,,,,,,,,,,,,,,,,,,,,,,,,,,,,,,,,,,,,,,,,,,,,,,,,,,,,,,,,,
JointCipherBureau,Joint Cipher Bureau,Security,2,map_NewDelhi,false,6,true,true,Government,,,,100,,100,-10,,,100,1,100,2,,,orglogos/JointCipherBureau,,,100,1,,,InvestigateCouncilor,DetectCouncilActivity,,,,,2002,,,,,,,,,,,,,,,,,,,true,,,,,,,,,,,,,,,,,,,,,,,,,,,,,,,,,,,,,,,,,,,,,,,,,,,,,,,,,,,,
AustralianSecretIntelligenceService,Australian Secret Intelligence Service,Security,1,map_NewSouthWales,false,3,true,true,Government,Resist,,,100,,100,-10,,,100,1,100,1,,,orglogos/ASIS,100,1,100,1,,,InvestigateCouncilor,DetectCouncilActivity,Extract,,,,,,,,,,,,,,,,,,,,,,,,,,,,,,,,,,,,,,,,,,,,,,,,,,,,,,,,,,,,,,,,,,,,,,,,,,,,,,,,,,,
AustralianSecurityIntelligenceOrganization,Australian Security Intelligence Organization,Investigations,1,map_NewSouthWales,false,,true,true,Government,,,,100,,100,-4,,,,,100,2,,,orglogos/ASIO,100,1,100,2,,,InvestigateAlienActivity,DetectCouncilActivity,,,,,,,,,,,,,,,,,,,,,,,,,,,,,,,,,,,,,,,,,,,,,,,,,,,,,,,,,,,,,,,,,,,,,,,,,,,,,,,,,,,,
AustralianSignalsDirectorate,Australian Signals Directorate,Investigations,1,map_NewSouthWales,false,,true,true,Government,,,,100,,100,-4,,,100,1,,,,,orglogos/AusSD,,,100,2,,,DetectCouncilActivity,,,,,,,,,,,,,,,,,,,,,,,,,,,,,,,,,,,,,,,,,,,,,,,,,,,,,,,,,,,,,,,,,,,,,,,,,,,,,,,,,,,,,
AmericanMafia,American Mafia,Criminal,3,map_NewYork,false,-3,true,true,Criminal,Exploit,Cooperate,120,120,10,100,50,100,1,,,100,1,100,0.04,orglogos/AmericanMafia,100,1,,,,,Assassinate,HostileTakeover,,,,,,,,,,,,,,,,,,,,,,,,true,100,5,,,,,,,,,,,,,,,,,,,,,,,,,,,,,,,,,,,,,,,,,,,,,,,,,,,,,,,,,,
BrookhavenNationalLaboratory,Brookhaven National Laboratory,Research,2,map_NewYork,false,5,true,true,,Cooperate,,,150,,100,-14,,,,,,,,,orglogos/BrookhavenNationalLaboratory,,,,,,,,,,,,,,100,20,,,,,,,,,Energy,0.05,,,,,,,,,,100,1,,,,,Criminal,,,,,,,,,,,,,,,,,,,,,,,,,,,,,,,,,,,,,,,,,,,,,,,,,,,
NewZealandSecurityIntelligenceService,New Zealand Security Intelligence Service,Investigations,1,map_NewZealand,false,3,true,true,Government,,,,60,,100,-5,,,100,1,100,1,,,orglogos/NZSIS,100,1,100,1,,,InvestigateCouncilor,DetectCouncilActivity,Detain,Stabilize,,,1956,,,,,,,,,,,,,,,,,,,,,,,,,,,,,,,,,,,,,,,,,,,,,,,,,,,,,,,,,,,,,,,,,,,,,,,,,,,,,,,
JapanSocietyforthePromotionofScience,Japan Society for the Promotion of Science,Research,2,map_NorthHonshu,false,,true,true,,,,80,100,,,,,,,,,,,,orglogos/JapanSocietyforthePromotionofScience,,,,,,,,,,,,,1932,100,20,,,,,,,,,,,,,,,,,,100,1,100,2,,,100,0.02,,,,,,,100,0.02,,,,,,,,,,,,,,,,,,,,,,,,,,,,,,,,,,,,,,,,,,,,
CabinetIntelligenceandResearchOffice,Cabinet Intelligence and Research Office,Security,2,map_NorthHonshu,false,2,true,true,Government,,,,120,,100,-2,,,100,2,100,1,,,orglogos/CIRO,100,1,100,1,,,Extract,Detain,,,100,1,1986,,,,,,,,,,,,,,,,,,,,,,,,,,,,,,,,,,,,,,,,,,,,,,,,,,,,,,,,,,,,,,,,,,,,,,,,,,,,,,,
Koanchosacho,Koanchosacho,Security,2,map_NorthHonshu,false,6,true,true,Government,Resist,,,200,,100,-25,,,100,1,100,1,,,orglogos/Koanchosacho,,,100,2,,,InvestigateCouncilor,DetectCouncilActivity,,,,,,,,,,,,,,,,,,,,,,,,,,,,,,,,,,,,,,,,,,,,,,,,,,,,,,,,,,,,,,,,,,,,,,,,,,,,,,,,,,,,
Sumiyoshi-kai,Sumiyoshi-kai,Criminal,2,map_NorthHonshu,false,-2,true,true,Criminal,Exploit,Cooperate,50,50,10,100,30,100,1,100,1,100,1,100,0.03,orglogos/SumiyoshiKai,100,1,,,,,Assassinate,HostileTakeover,,,,,,,,,,,,,,,,,,,,,,50,1,,100,1,,,,,,,,,,,,,,,,,,,,,,,,,,,,,,,,,,,,,,,,,,,,,,,,,,,,,,,,,,
Inagawa-kai,Inagawa-kai,Criminal,2,map_NorthHonshu,false,-2,true,true,Criminal,Exploit,Cooperate,40,50,5,100,25,100,1,100,1,100,1,100,0.02,orglogos/InagawaKai,100,1,,,,,HostileTakeover,,,,,,,,,,,,,,,,,,,,,,,,,,100,1,,,,,,,,,,,,,,,,,,,,,,,,,,,,,,,,,,,,,,,,,,,,,,,,,,,,,,,,,,
JapanSpecialForcesGroup,Japan Special Forces Group,Security,2,map_NorthHonshu,false,,true,true,Government,,,,150,,100,-2,,,,,100,2,,,orglogos/JapanSpecialForcesGroup,100,1,,,,,AssaultAlienAsset,Extract,,,100,1,,,,,,,,,,,,,,,,,,,,,,,,,,,,,,,,,,,,,,,,,,,,,,,,,,,,,,,,,,,,,,,,,,,,,,,,,,,,,,,,
Office39,Office 39,Criminal,2,map_NorthKorea,false,,true,true,Government,Exploit,,100,100,,100,25,100,1,100,1,,,100,0.03,orglogos/Office39,100,1,,,,,,,,,,,,,,,,,,,,,,,,Destroy,,,,,,,100,4,,,,,,,,,,,,,,,,,,,,,,,,,,,,,,,,,,,,,,,,,,,,,,,,,,,,,,,,,,
ReconnaissanceGeneralBureau,Reconnaissance General Bureau,Security,1,map_NorthKorea,false,6,true,true,Government,,,,200,,100,-3,,,100,2,100,2,,,orglogos/ReconnaissanceGeneralBureau,100,2,,,100,0.04,Assassinate,Unrest,Coup,Purge,,,2009,,,,,,,,,,,,,,,,,,,true,,,,,,,,,,,,,,,,,,,,,,,,,,,,,,,,,,,,,,,,,,,,,,,,,,,,,,,,,,,,
NorwegianPoliceSecurityService,Norwegian Police Security Service,Security,1,map_Norway,false,3,true,true,Government,,,,70,,100,-3,,,,,100,1,,,orglogos/NorwegianPoliceSecurityService,,,100,1,,,InvestigateCouncilor,DetectCouncilActivity,Protect,,,,1937,,,,,,,,,,,,,,,,,,,,,,,,,,,,,,,,,,,,,,,,,,,,,,,,,,,,,,,,,,,,,,,,,,,,,,,,,,,,,,,
NorwegianIntelligenceService,Norwegian Intelligence Service,Security,1,map_Norway,false,3,true,true,Government,,,,100,,100,-2,,,100,1,100,1,,,orglogos/NorwegianIntelligenceService,100,1,100,1,,,InvestigateCouncilor,DetectCouncilActivity,,,,,1915,,,,,,,,,,,,,,,,,,,,,,,,,,,,,,,,,,,,,,,,,,,,,,,,,,,,,,,,,,,,,,,,,,,,,,,,,,,,,,,
InternalSecurityService,Internal Security Service,Security,1,map_Oman,false,3,true,true,Government,,,,100,,100,-1,,,,,100,1,,,orglogos/InternalSecurityService,100,1,100,1,,,InvestigateCouncilor,DetectCouncilActivity,Detain,,,,1987,,,,,,,,,,,,,,,,,,,,,,,,,,,,,,,,,,,,,,,,,,,,,,,,,,,,,,,,,,,,,,,,,,,,,,,,,,,,,,,
CriminalIntelligenceServiceCanada,Criminal Intelligence Service Canada,Investigations,1,map_Ontario,false,3,true,true,Government,,,,120,,100,-12,,,,,100,1,,,orglogos/CriminalIntelligenceServiceCanada,100,1,100,2,,,InvestigateCouncilor,,,,,,1970,,,,,,,,,,,,,,,,,,,,,,,,,,,,,,,,,,,,,,,,,,,,,,,,,,,,,,,,,,,,,,,,,,,,,,,,,,,,,,,
CanadianSecurityIntelligenceService,Canadian Security Intelligence Service,Security,2,map_Ontario,false,3,true,true,Government,Resist,,,70,,100,-15,,,100,1,100,1,,,orglogos/CSIS,100,1,100,2,,,InvestigateCouncilor,DetectCouncilActivity,,,,,,,,,,,,,,,,,,Cooperate,,,,,,,,,,,,,,,,,,,,,,,,,,,,,,,,,,,,,,,,,,,,,,,,,,,,,,,,,,,,,,,,,,
CommunicationsSecurityEstablishment,Communications Security Establishment,Investigations,1,map_Ontario,false,,true,true,Government,,,,100,,100,-5,,,100,1,,,,,orglogos/CSEC,,,100,1,,,DetectCouncilActivity,,,,,,,,,,,,,,,,,,,,,,,,,,,,,,,,,,,,,,,,,,,,,,,,,,,,,,,,,,,,,,,,,,,,,,,,,,,,,,,,,,,,,
JointTaskForce2,Joint Task Force 2,Security,1,map_Ontario,false,,true,true,Government,,,,100,,100,-2,,,,,100,1,,,orglogos/CanadaJTF2,100,1,,,,,AssaultAlienAsset,Protect,Extract,,100,1,,,,,,,,,,,,,,,,,,,,,,,,,,,,,,,,,,,,,,,,,,,,,,,,,,,,,,,,,,,,,,,,,,,,,,,,,,,,,,,,
FederalIntelligenceAgency,Federal Intelligence Agency,Security,1,map_Pampas,false,3,true,true,Government,,,,70,,100,-12,,,100,1,100,1,,,orglogos/FederalIntelligenceAgency,100,2,100,1,,,InvestigateCouncilor,DetectCouncilActivity,,,,,2015,,,,,,,,,,,,,,,,,,,,100,2,,,,,,,,,,,,,,,,,,,,,,,,,,,,,,,,,,,,,,,,,,,,,,,,,,,,,,,,,,
CompañíadeComandos601,Compañía de Comandos 601,Security,1,map_Pampas,false,,true,true,Government,,,,80,,100,-1,,,,,100,1,,,orglogos/601CommandoCompany,100,1,,,,,AssaultAlienAsset,Extract,,,,,,,,,,,,,,,,,,,,,,,,,,,,,,,,,,,,,,,,,,,,,,,,,,,,,,,,,,,,,,,,,,,,,,,,,,,,,,,,,,,,
UNESCO,UNESCO,NGO,3,map_Paris,false,,true,false,Government,Cooperate,,,150,,100,-15,100,2,,,,,,,orglogos/UNESCO,,,,,,,Inspire,,,,,,,,,,,,,,,,,SocialScience,0.05,,,,,100,2,,,,,,,,100,0.03,,,,,,,,,,,,,,,,,,,,,,,,,,,,,,,,,,,,,,,,,,,,,,,,,,,,
DirectorateGeneralforExternalSecurity,Directorate General for External Security,Security,2,map_Paris,false,6,true,true,Government,,,,250,,100,-22,,,100,2,100,1,,,orglogos/DGSE,100,3,100,2,,,InvestigateCouncilor,DetectCouncilActivity,Detain,Crackdown,,,,,,,,,,,,,,,,,,,,,,,,,,,,,,,,,,,,,,,,,,,,,,,,,,,,,,,,,,,,,,,,,,,,,,,,,,,,,,,,,,
NationalGendarmerieInterventionGroup,National Gendarmerie Intervention Group,Security,2,map_Paris,false,,true,true,Government,Resist,,,120,,100,-1,,,,,100,2,,,orglogos/GIGN,100,2,,,,,Extract,AssaultAlienAsset,Detain,,100,1,,,,,,,,,,,,,,,,,,,,,,,,,,,,,,,,,,,,,,,,,,,,,,,,,,,,,,,,,,,,,,,,,,,,,,,,,,,,,,,,
DirectorateGeneralforInternalSecurity,Directorate General for Internal Security,Investigations,2,map_Paris,false,,true,true,Government,,,,100,,100,-10,,,,,100,1,,,orglogos/DGSI,100,1,100,3,,,InvestigateAlienActivity,DetectCouncilActivity,Detain,,,,,,,,,,,,,,,,,,,,,,,,,,,,,,,,,,,,,,,,,,,,,,,,,,,,,,,,,,,,,,,,,,,,,,,,,,,,,,,,,,,
Al-Qaida,Al-Qaida,Criminal,2,map_Peshawar,false,,true,true,Sociopath,Destroy,Resist,25,100,10,,,,,100,1,100,1,,,orglogos/alQaida,100,2,,,,,Assassinate,Unrest,SabotageFacilities,,100,1,,,,,,,,,,,,,,,Cooperate,Escape,Appease,,,,,,,,,,,,,,,,,,,,,,,,,,,,,,,,,,,,,,,,,,,,,,,,,,,,,,,,,,,,,,,
ForeignIntelligenceAgency,Foreign Intelligence Agency,Security,2,map_Poland,false,6,true,true,Government,,,,150,,100,-15,,,100,1,100,1,,,orglogos/ForeignIntelligenceAgency,100,1,100,1,,,InvestigateCouncilor,DetectCouncilActivity,DefendInterests,,,,2002,,,,,,,,,,,,,,,,,,,,,,,,,,,,,,,,,,,,,,,,,,,,,,,,,,,,,,,,,,,,,,,,,,,,,,,,,,,,,,,
InternalSecurityAgency,Internal Security Agency,Security,2,map_Poland,false,6,true,true,Government,Resist,,,125,,100,-8,,,,,100,2,,,orglogos/InternalSecurityAgency,100,1,100,2,,,InvestigateCouncilor,DetectCouncilActivity,Detain,,,,2002,,,,,,,,,,,,,,,,,,,,,,,,,,,,,,,,,,,,,,,,,,,,,,,,,,,,,,,,,,,,,,,,,,,,,,,,,,,,,,,
GROM,GROM,Security,2,map_Poland,false,,true,true,Government,Resist,,,100,,100,-1,,,,,100,1,,,orglogos/GROM,100,1,,,,,Extract,Stabilize,AssaultAlienAsset,,100,1,,,,,,,,,,,,,,,,,,,,,,,,,,,,,,,,,,,,,,,,,,,,,,,,,,,,,,,,,,,,,,,,,,,,,,,,,,,,,,,,
SecurityIntelligenceService,Security Intelligence Service,Security,1,map_Portugal,false,3,true,true,Government,,,,100,,100,-4,,,100,1,100,1,,,orglogos/SecurityIntelligenceService,100,1,100,2,,,InvestigateCouncilor,DetectCouncilActivity,DefendInterests,,,,1984,,,,,,,,,,,,,,,,,,,,,,,,,,,,,,,,,,,,,,,,,,,,,,,,,,,,,,,,,,,,,,,,,,,,,,,,,,,,,,,
PakistanIntelligenceBureau,Pakistan Intelligence Bureau,Security,2,map_Punjab,false,6,true,true,Government,,,,200,,100,-20,,,,,100,2,,,orglogos/PakistanIntelligenceBureau,100,1,100,2,100,0.03,InvestigateCouncilor,DetectCouncilActivity,Detain,Crackdown,,,1830,,,,,,,,,,,,,,,,,,,,,,,,,,,,,,,,,,,,,,,,,,,,,,,,,,,,,,,,,,,,,,,,,,,,,,,,,,,,,,,
Inter-ServicesIntelligence,Inter-Services Intelligence,Security,2,map_Punjab,false,6,true,true,Government,,,,200,,100,-20,,,100,2,100,2,,,orglogos/PakistanInter-ServicesIntelligence,100,2,,,,,Unrest,DetectCouncilActivity,,,,,,,,,,,,,,,,,,,,,,,,,,,,,,,,,,,,,,,,,,,,,,,,,,,,,,,,,,,,,,,,,,,,,,,,,,,,,,,,,,,,
SpecialServicesGroup,Special Services Group,Security,2,map_Punjab,false,,true,true,Government,,,,80,,100,-1,,,,,100,2,,,orglogos/PakistanSSG,100,2,,,,,AssaultAlienAsset,Stabilize,Unrest,,100,1,,,,,,,,,,,,,,,,,,,,,,,,,,,,,,,,,,,,,,,,,,,,,,,,,,,,,,,,,,,,,,,,,,,,,,,,,,,,,,,,
Pathfinders,Pathfinders,Security,2,map_RiodeJaneiro,false,,true,true,Government,,,,150,,100,-2,,,,,100,1,,,orglogos/BrazilianPathfinders,100,1,,,,,AssaultAlienAsset,Extract,,,100,1,,,,,,,,,,,,,,,,,,,,,,,,,,,,,,,,,,,,,,,,,,,,,,,,,,,,,,,,,,,,,,,,,,,,,,,,,,,,,,,,
LosAlamosNationalLaboratory,Los Alamos National Laboratory,Research,3,map_RockyMountains,false,5,true,true,,,,,200,,100,-81,,,,,,,,,orglogos/lanl,0,,,,,,,,,,,,,100,35,,,,,,,,,Energy,0.1,,,,,,,,,,100,3,,,,,Criminal,1,100,0.02,,,,,,,,,,,,,,,,,,,,,,,,,,,,,,,,,,,,,,,,,,,,,,,,
SandiaNationalLaboratories,Sandia National Laboratories,Research,3,map_RockyMountains,false,5,true,true,,,,,200,,100,-100,,,,,,,,,orglogos/SandiaNationalLaboratories,0,,,,,,,,,,,,,100,35,,,,,,,,,Energy,0.1,,,,,,,,,,100,3,,,,,Criminal,1,100,0.02,,,,,,,,,,,,,,,,,,,,,,,,,,,,,,,,,,,,,,,,,,,,,,,,
AirForceResearchLaboratory,Air Force Research Laboratory,Research,2,map_RockyMountains,false,5,true,true,Government,,,,100,,100,-65,,,,,,,,,orglogos/AirForceResearchLaboratory,0,,,,,,,,,,,,,100,25,100,0.02,100,0.01,100,0.01,,,MilitaryScience,0.08,,,,,,,,,,100,1,,,,,,,100,0.2,,,,,,,,,,,,,,,,,,,,,,,,,,,,,,,,,,,,,,,,,,,,,,,,
10thU.S.SpecialForcesGroup,10th U.S. Special Forces Group,Security,2,map_RockyMountains,false,3,true,true,Government,Resist,,,100,,100,-2,,,,,100,2,,,orglogos/10SFG,100,3,,,,,Unrest,Stabilize,AssaultAlienAsset,,100,1,,,,,,,,,,,,,,,,,,,,,,,,,,,,,,,100,0.03,,,,,,,,,,,,,,,,,,,,,,,,,,,,,,,,,,,,,,,,,,,,,,,,
RomanianIntelligenceService,Romanian Intelligence Service,Security,1,map_Romania,false,6,true,true,Government,,,,80,,100,-40,,,100,1,100,2,,,orglogos/RomanianIntelligenceService,100,1,100,1,100,0.02,InvestigateCouncilor,DetectCouncilActivity,,,,,1990,,,,,,,,,,,,,,,,,,,,,,,,,,,,,,,,,,,,,,,,,,,,,,,,,,,,,,,,,,,,,,,,,,,,,,,,,,,,,,,
SpecialTelecommunicationService,Special Telecommunication Service,Investigations,1,map_Romania,false,3,true,true,Government,,,,50,,100,-15,,,,,100,1,,,orglogos/SpecialTelecommunicationService,,,100,1,,,InvestigateCouncilor,DetectCouncilActivity,,,,,1992,,,,,,,,,,,,,,,,,,,,,,100,1,,,,,,,,,,,,,,,,,,,,,,,,,,,,,,,,,,,,,,,,,,,,,,,,,,,,,,,,
5thU.S.SpecialForcesGroup,5th U.S. Special Forces Group,Security,2,map_RustBelt,false,3,true,true,Government,Resist,,,100,,100,-2,,,,,100,2,,,orglogos/5SFG,100,3,,,,,Unrest,Stabilize,AssaultAlienAsset,,100,1,,,,,,,,,,,,,,,,,,,,,,,,,,,,,,,100,0.03,,,,,,,,,,,,,,,,,,,,,,,,,,,,,,,,,,,,,,,,,,,,,,,,
ComandoVermelho,Comando Vermelho,Criminal,2,map_SaoPaulo,false,-2,true,true,Criminal,Exploit,Cooperate,30,30,10,100,35,100,1,100,1,100,1,100,0.03,orglogos/ComandoVermhelho,100,1,,,,,,,,,,,,,,,,,,,,,,,,,Escape,,,,,true,,,,,,,,,,,,,,,,,,,,,,,,,,,,,,,,,,,,,,,,,,,,,,,,,,,,,,,,,,,,
CentralIntelligenceAgency,Central Intelligence Agency,Security,3,map_Shenandoah,false,6,true,true,Government,Resist,,,300,,100,-400,100,2,100,4,100,2,,,orglogos/CIA,100,4,100,2,,,Assassinate,Unrest,Coup,Purge,,,1947,,,,,,,,,,,,,Exploit,,,,100,1,true,100,5,100,1,,,,,,,,,,,,,,,,,,,,,,,,,,,,,,,,,,,,,,,,,,,,,,,,,,,,,,,,
FederalBureauofInvestigation,Federal Bureau of Investigation,Investigations,3,map_Shenandoah,false,6,true,true,Government,,,,280,,100,-250,,,100,2,100,2,,,orglogos/FBI,100,2,100,4,,,InvestigateCouncilor,DetectCouncilActivity,Detain,Crackdown,,,,,,,,,,,,,,,,,,,,,,true,,,,,,,,,Criminal,,,,,,,,,,,,,,,,,,,,,,,,,,,,,,,,,,,,,,,,,,,,,,,,,,,
SecretService,Secret Service,Security,3,map_Shenandoah,false,6,true,true,Government,,,,200,,100,-62,,,,,100,4,,,orglogos/USSS,100,1,100,2,,,InvestigateCouncilor,Protect,DefendInterests,,,,,,,,,,,,,,,,,,,,,,,true,,,,,,,,,Criminal,,,,,,,,,,,,,,,,,,,,,,,,,,,,,,,,,,,,,,,,,,,,,,,,,,,
NationalSecurityAgency,National Security Agency,Investigations,3,map_Shenandoah,false,6,true,true,Government,Resist,,,300,,100,-250,,,100,1,,,,,orglogos/NSA,0,,100,3,100,0.02,InvestigateCouncilor,DetectCouncilActivity,SabotageProject,,,,,,,,,,,,,,,InformationScience,0.05,Exploit,,,,100,1,true,,,,,,,,,,,,,,,,,,,,,,,,,,,,,,,,,,,,,,,,,,,,,,,,,,,,,,,,,,,,
NationalReconnaissanceOffice,National Reconnaissance Office,Aerospace,3,map_Shenandoah,false,6,true,true,Government,,,,200,,100,-200,,,,,,,,,orglogos/NRO,0,,100,3,,,DetectCouncilActivity,,,,,,,,,,,,,100,0.02,,,SpaceScience,0.02,,,,,,,,,,100,1,,,,,,,,,100,2,,,100,0.3,,,,,,,,,,,,,,,,,,,,,,,,,,,,,,,,,,,,,,,,,,
NationalGeospatialIntelligenceAgency,National Geospatial Intelligence Agency,Aerospace,3,map_Shenandoah,false,6,true,true,Government,,,,200,,100,-140,,,,,100,1,,,orglogos/NGIA,0,,100,3,,,DetectCouncilActivity,Stabilize,,,100,3,,100,10,,,,,100,0.02,,,InformationScience,0.02,,,,,,,,,,100,2,,,,,,,,,100,3,,,,,100,0.03,,,,,,,,,,,,,,,,,,,,,,,,,,,,,,,,,,,,,,,,
DeltaForce,Delta Force,Security,3,map_Shenandoah,false,5,true,true,Government,Resist,,,200,,100,-3,,,,,100,1,,,orglogos/DeltaForce,100,4,,,,,Assassinate,Extract,Detain,AssaultAlienAsset,100,2,,,,,,,,,,,,,,,,,,,,true,,,,,,,,,,,,,,,,,,,,,,,,,,,,,,,,,,,,,,,,,,,,,,,,,,,,,,,,,,,,
SEALTeamSix,SEAL Team Six,Security,3,map_Shenandoah,false,5,true,true,Government,,,,200,,100,-3,,,,,100,1,,,orglogos/SealTeam6,100,4,,,,,Assassinate,Extract,Detain,AssaultAlienAsset,100,1,,,,,,,,,,,,,,,,,,,,true,,,,,,,,,,,,,,,,,,,,,,,,,,,,,,,,,,,,,,,,,,,,,,,,,,,,,,,,,,,,
DefenseAdvancedResearchProjectsAgency,Defense Advanced Research Projects Agency,Research,3,map_Shenandoah,false,4,true,true,Government,Resist,,,200,,100,-95,,,,,100,1,,,orglogos/DARPA,,,,,,,,,,,,,,100,40,,,,,,,,,MilitaryScience,0.15,,,,,,,,,,100,1,,,,,,1,100,0.08,,,,,,,,,,,,,,,,,,,,,,,,,,,,,,,,,,,,,,,,,,,,,,,,
InternationalMonetaryFund,International Monetary Fund,BusinessManagement,3,map_Shenandoah,false,6,true,false,,,,,350,,,,100,1,,,,,100,0.03,orglogos/IMF,,,,,,,Advise,,,,,,,,,,,,,,,,,,,,,,,,,true,100,8,,,,,100,0.02,,,,,,,100,0.06,,,,,100,0.04,,,,,,,,,,,,,,,,,,,,,,,,,,,,,,,,,,,,,,
VoiceofAmerica,Voice of America,Influence,2,map_Shenandoah,false,3,true,true,Government,,,,80,,100,-6,100,2,,,,,,,orglogos/VOA,,,,,,,Propaganda,,,,,,,,,,,,,,,,,,,,,,,100,1,,,,,,,,100,0.01,,,,,,,,,,,,,,,,,,,,,,,,,,,,,,,,,,,,,,,,,,,,,,,,,,,,
UnitedStatesInformationAgency,United States Information Agency,Influence,2,map_Shenandoah,false,3,true,true,Government,,,,60,,100,-14,100,2,,,,,,,orglogos/USIA,,,,,,,Propaganda,,,,,,,,,,,,,,,,,,,,,,,100,1,,,,,,,,,,,,,,,,,,,,,,,,,,,,,,,,,,,,,,,,,,,,,,,,,,,,,,,,,,,,,
3rdU.S.SpecialForcesGroup,3rd U.S. Special Forces Group,Security,2,map_Shenandoah,false,3,true,true,Government,Resist,,,100,,100,-2,,,,,100,2,,,orglogos/3SFG,100,3,,,,,Unrest,Stabilize,AssaultAlienAsset,,100,1,,,,,,,,,,,,,,,,,,,,,,,,,,,,,,,100,0.03,,,,,,,,,,,,,,,,,,,,,,,,,,,,,,,,,,,,,,,,,,,,,,,,
DrugEnforcementAdministration,Drug Enforcement Administration,Security,2,map_Shenandoah,false,,true,true,Government,,,,120,,100,-45,,,,,,,,,orglogos/DEA,100,1,100,1,,,Detain,Crackdown,,,,,,,,,,,,,,,,,,,,,,,,,,,,,,,,,Criminal,,,,,,,,,,,,,,,,,,,,,,,,,,,,,,,,,,,,,,,,,,,,,,,,,,,
SecurityandIntelligenceDivision,Security and Intelligence Division,Security,2,map_Singapore,false,6,true,true,Government,,,,150,,100,-10,,,100,1,100,2,,,orglogos/SecurityandIntelligenceDivision,100,1,100,2,,,InvestigateCouncilor,DetectCouncilActivity,,,,,1966,,,,,,,,,,,,,,,,,,,true,,,,,,,,,,,,,,,,,,,,,,,,,,,,,,,,,,,,,,,,,,,,,,,,,,,,,,,,,,,,
NationalIntelligenceAgency,National Intelligence Agency,Investigations,1,map_SouthernChile,false,3,true,true,Government,,,,60,,100,-4,,,,,100,1,,,orglogos/NationalIntelligenceAgency,100,1,100,1,,,InvestigateCouncilor,DetectCouncilActivity,,,,,2004,,,,,,,,,,,,,,,,,,,true,,,,,,,,,,,,,,,,,,,,,,,,,,,,,,,,,,,,,,,,,,,,,,,,,,,,,,,,,,,,
Yamagachi-gumi,Yamagachi-gumi,Criminal,3,map_SouthHonshu,false,-3,true,true,Criminal,Exploit,Cooperate,150,80,10,100,90,100,1,100,1,100,2,100,0.04,orglogos/Yamagachi-gumi,100,2,,,,,Assassinate,HostileTakeover,Stabilize,,,,,,,,,,,,,,,,,,,,,100,1,true,100,2,,,,,,,,,,,,,50,0.02,,,,,50,0.02,,,,,,,,,,,,,,,,,,,,,,,,,,,,,,,,,,,,,,
JapanAtomicEnergyAgency,Japan Atomic Energy Agency,Research,2,map_SouthHonshu,false,5,true,true,,,,,120,,100,-65,,,,,,,,,orglogos/JapanAtomicEnergyAgency,,,,,,,,,,,,,2005,100,20,,,,,,,,,Energy,0.1,,,,,,,,,,100,2,,,,,Criminal,,,,,,,,,,,,,,,,,,,,,,,,,,,,,,,,,,,,,,,,,,,,,,,,,,,
Aizukotetsu-kai,Aizukotetsu-kai,Criminal,1,map_SouthHonshu,false,-1,true,true,Criminal,Exploit,Cooperate,30,20,5,100,10,100,1,,,100,1,100,0.02,orglogos/Aizukotetsu-kai,100,1,,,,,HostileTakeover,,,,,,,,,,,,,,,,,,,,,,,,,,,,,,,,,,,,,,,,,,,,,,,,,,,,,,,,,,,,,,,,,,,,,,,,,,,,,,,,,,,,,
ElectronicsandTelecommunicationsResearchInstitute,Electronics and Telecommunications Research Institute,Research,2,map_SouthKorea,false,5,true,true,,,,,50,,100,10,,,,,,,,,orglogos/ElectronicsandTelecommunicationsResearchInstitute,,,,,,,,,,,,,1976,100,15,,,,,,,,,Information,0.05,,,,,,,,,,100,2,,,,,Criminal,,,,,,,,,,,,,,,,,,,,,,,,,,,,,,,,,,,,,,,,,,,,,,,,,,,
KoreaInstituteofMaterialsScience,Korea Institute of Materials Science,Research,2,map_SouthKorea,false,5,true,true,,,,,50,,100,-20,,,,,,,,,orglogos/KoreaInstituteofMaterialsScience,,,,,,,,,,,,,2007,100,20,,,,,,,,,,,,,,,,,,100,1,100,1,,,,,Criminal,,,,,,100,0.03,,,,,,,,,,,,,,,,,,,,,,,,,,,,,,,,,,,,,,,,,,,,
KoreaAtomicEnergyResearchInstitute,Korea Atomic Energy Research Institute,Research,2,map_SouthKorea,false,5,true,true,,,,,100,,100,-35,,,,,,,,,orglogos/KoreaAtomicEnergyResearchInstitute,,,,,,,,,,,,,1959,100,15,,,,,,,,,Energy,0.05,,,,,,,,,,100,2,,,,,Criminal,,,,,,,,,,,,,,,,,,,,,,,,,,,,,,,,,,,,,,,,,,,,,,,,,,,
KoreaAerospaceResearchInstitute,Korea Aerospace Research Institute,Aerospace,1,map_SouthKorea,false,5,true,true,,,,,50,,100,-5,,,,,,,,,orglogos/KoreaAerospaceResearchInstitute,,,,,,,,,,,50,1,1989,100,15,,,100,0.02,100,0.01,,,,,,,,,,,,,,100,2,,,,,Criminal,,,,,,,,,,,,,,,,,,,,,,,,,,,,,,,,,,,,,,,,,,,,,,,,,,,
NationalIntelligenceService,National Intelligence Service,Security,2,map_SouthKorea,false,6,true,true,Government,,,,180,,100,-45,,,100,2,100,1,,,orglogos/NationalIntelligenceService,100,1,100,2,,,InvestigateCouncilor,DetectCouncilActivity,,,,,,,,,,,,,,,,,,,,,,,,,,,,,,,,,,,,,,,,,,,,,,,,,,,,,,,,,,,,,,,,,,,,,,,,,,,,,,,,,,,,
King'sGuard,King's Guard,Security,1,map_SouthThailand,false,,true,true,Government,,,,100,,100,-1,,,,,100,2,,,orglogos/KingsGuard,100,1,,,,,AssaultAlienAsset,Protect,Extract,,,,,,,,,,,,,,,,,,,,,,,,,,,,,,,,,,,,,,,,,,,,,,,,,,,,,,,,,,,,,,,,,,,,,,,,,,,,,,,,,,,
CentroNacionaldeInteligencia,Centro Nacional de Inteligencia,Security,2,map_Spain,false,6,true,true,Government,,,,220,,100,-10,,,100,2,100,2,,,orglogos/CentroNacionaldeInteligencia,100,2,100,2,100,0.02,InvestigateCouncilor,DetectCouncilActivity,,,,,2002,,,,,,,,,,,,,,,,,,,true,,,,,,,,,,,,,,,,,,,,,,,,,,,,,,,,,,,,,,,,,,,,,,,,,,,,,,,,,,,,
FuerzadeGuerraNavalEspecial,Fuerza de Guerra Naval Especial,Security,2,map_Spain,false,,true,true,Government,Resist,,,100,,100,-1,,,,,100,2,,,orglogos/FuerzadeGuerraNavalEspecial,100,2,,,,,Extract,AssaultAlienAsset,Detain,,100,1,,,,,,,,,,,,,,,,,,,,,,,,,,,,,,,,,,,,,,,,,,,,,,,,,,,,,,,,,,,,,,,,,,,,,,,,,,,,,,,,
NationalDefenceRadioEstablishment,National Defence Radio Establishment,Security,2,map_Sweden,false,6,true,true,Government,,,,150,,100,-20,,,100,2,100,1,,,orglogos/NationalDefenceRadioEstablishment,100,1,100,2,,,InvestigateCouncilor,DetectCouncilActivity,,,,,1942,,,,,,,,,,,,,,,,,,,true,,,,,,,,,,,,,,,,,,,,,,,,,,,,,,,,,,,,,,,,,,,,,,,,,,,,,,,,,,,,
SwedishSecurityService,Swedish Security Service,Security,2,map_Sweden,false,6,true,true,Government,,,,150,,100,-6,,,100,1,100,2,,,orglogos/SwedishSecurityService,100,2,100,2,,,InvestigateCouncilor,DetectCouncilActivity,Protect,,,,1989,,,,,,,,,,,,,,,,,,,,,,,,,,,,,,,,,,,,,,,,,,,,,,,,,,,,,,,,,,,,,,,,,,,,,,,,,,,,,,,
LifeRegimentHussars,Life Regiment Hussars,Security,2,map_Sweden,false,,true,true,Government,,,,150,,100,-2,,,,,100,2,,,orglogos/LifeRegimentHussars,100,1,,,,,AssaultAlienAsset,Protect,Extract,,100,1,,,,,,,,,,,,,,,,,,,,,,,,,,,,,,,,,,,,,,,,,,,,,,,,,,,,,,,,,,,,,,,,,,,,,,,,,,,,,,,,
SärskildaOperationsgruppen,Särskilda Operationsgruppen,Security,1,map_Sweden,false,,true,true,Government,,,,100,,100,-1,,,,,100,1,,,orglogos/SpecialOperationsTaskGroup,100,1,,,,,AssaultAlienAsset,Extract,,,,,,,,,,,,,,,,,,,,,,,,,,,,,,,,,,,,,,,,,,,,,,,,,,,,,,,,,,,,,,,,,,,,,,,,,,,,,,,,,,,,
CERN,CERN,Research,3,map_Switzerland,false,,true,false,,Cooperate,,,200,,100,-28,,,,,,,,,orglogos/CERN,0,,,,,,,,,,,,,100,40,,,,,,,,,Energy,0.1,,,,,,,,,,100,3,,,,,,,,,,,,,,,,,,,,,,,,,,,,,,,,,,,,,,,,,,,,,,,,,,,,,,,,
WorldHealthOrganization,World Health Organization,Research,3,map_Switzerland,false,3,true,false,Government,,,,120,,100,-235,,,,,,,,,orglogos/WHO,,,,,,,,,,,,,,100,20,,,,,,,,,LifeScience,0.15,,,,,,,,,,100,3,,,,,,,,,,,,,,,,,100,0.1,,,,,,,,,,,,,,,,,,,,,,,,,,,,,,,,,,,,,,
FederalIntelligenceService,Federal Intelligence Service,Security,1,map_Switzerland,false,3,true,true,Government,,,,100,,100,-15,,,100,1,100,1,,,orglogos/FederalIntelligenceService,100,1,100,1,,,InvestigateCouncilor,DetectCouncilActivity,,,,,2010,,,,,,,,,,,,,,,,,,,true,,,,,,,,,,,,,,,,,,,,,,,,,,,,,,,,,,,,,,,,,,,,,,,,,,,,,,,,,,,,
InvestigationBureau,Investigation Bureau,Investigations,2,map_Taiwan,false,6,true,true,Government,,,,100,,100,-15,,,,,100,1,,,orglogos/InvestigationBureau,100,1,100,2,,,InvestigateCouncilor,DetectCouncilActivity,Detain,,,,1928,,,,,,,,,,,,,,,,,,,true,,,,,,,,,,,,,,,,,,,,,,,,,,,,,,,,,,,,,,,,,,,,,,,,,,,,,,,,,,,,
NationalSecurityBureau,National Security Bureau,Security,1,map_Taiwan,false,3,true,true,Government,,,,75,,100,-5,,,100,1,100,1,,,orglogos/ROCNSB,100,1,100,1,,,InvestigateCouncilor,DetectCouncilActivity,,,,,,,,,,,,,,,,,,,,,,,,,,,,,,,,,,,,,,,,,,,,,,,,,,,,,,,,,,,,,,,,,,,,,,,,,,,,,,,,,,,,
AirborneSpecialServiceCompany,Airborne Special Service Company,Security,1,map_Taiwan,false,,true,true,Government,,,,100,,100,-1,,,,,100,1,,,orglogos/AirborneSpecialServiceCompany,100,1,,,,,AssaultAlienAsset,Extract,,,,,,,,,,,,,,,,,,,,,,,,,,,,,,,,,,,,,,,,,,,,,,,,,,,,,,,,,,,,,,,,,,,,,,,,,,,,,,,,,,,,
QudsForce,Quds Force,Security,3,map_Tehran,false,,true,true,Government,Destroy,Escape,,250,,100,2,100,1,100,1,100,2,,,orglogos/QudsForce,100,3,,,100,0.02,Assassinate,Unrest,,,100,1,,,,,,,,,,,,,,,Appease,,,,,true,,,,,,,,,,,,,,,,,,,,,,,,,,,,,,,,,,,,,,,,,,,,,,,,,,,,,,,,,,,,
MinistryofIntelligence,Ministry of Intelligence,Security,2,map_Tehran,false,6,true,true,Government,,,,200,,100,-10,100,1,100,2,100,2,,,orglogos/MinistryofIntelligence,100,2,100,2,100,0.02,InvestigateCouncilor,DetectCouncilActivity,Detain,Crackdown,,,1983,,,,,,,,,,,,,,,,,,,true,100,3,,,,,,,,,,,,,,,,,,,,,,,,,,,,,,,,,,,,,,,,,,,,,,,,,,,,,,,,,,
StateSecurityDepartment,State Security Department,Security,2,map_UnitedArabEmirates,false,6,true,true,Government,,,,180,,100,-10,,,100,2,100,2,,,orglogos/StateSecurityDepartment,100,1,100,2,100,0.04,InvestigateCouncilor,DetectCouncilActivity,Detain,,,,1974,,,,,,,,,,,,,,,,,,,true,,,,,,,,,,,,,,,,,,,,,,,,,,,,,,,,,,,,,,,,,,,,,,,,,,,,,,,,,,,,
SignalsIntelligenceAgency,Signals Intelligence Agency,Security,1,map_UnitedArabEmirates,false,3,true,true,Government,,,,100,,100,-6,,,100,2,100,1,,,orglogos/SignalsIntelligenceAgency,,,100,1,,,InvestigateCouncilor,DetectCouncilActivity,,,,,2012,,,,,,,,,,,,,,,,,,,true,,,,,,,,,,,,,,,,,,,,,,,,,,,,,,,,,,,,,,,,,,,,,,,,,,,,,,,,,,,,
BolivarianNationalIntelligenceService,Bolivarian National Intelligence Service,Investigations,1,map_Venezuela,false,4,true,true,Government,,,,60,,100,-2,,,,,100,1,,,orglogos/SEBIN,,,100,1,100,0.02,Crackdown,Purge,,,,,2010,,,,,,,,,,,,,,,,,100,2,true,,,,,,,,,,,,,,,,,,,,,,,,,,,,,,,,,,,,,,,,,,,,,,,,,,,,,,,,,,,,
AustralianSpecialAirService,Australian Special Air Service,Security,1,map_Westralia,false,3,true,true,Government,Resist,,,75,,100,-2,,,,,100,2,,,orglogos/AustralianSAS,100,1,,,,,Extract,Detain,AssaultAlienAsset,,100,1,,,,,,,,,,,,,,Destroy,,,,,,,,,,,,,,,,,,,,,,,,,,,,,,,,,,,,,,,,,,,,,,,,,,,,,,,,,,,,,,,,,,
SalamanderShockTroopUnit,Salamander Shock Troop Unit,Security,2,,false,,false,false,,Alien,Escape,,,,,,,,,,100,3,,,orglogos/org_hydra_mid,100,8,,,100,0.1,TerrorizeRegion,Extract,,,,,,,,,,,,,,,,,,,Resist,Destroy,Cooperate,,,,,,,,,,,,,,,,,,,,,,,,,,Exploit,Submit,Appease,,,,,,,,,,,,,,,,,,,,,,,,,,,,,,,,,,,
ResistSpecial,Resist Special,Faction,3,,false,,false,false,,Resist,Alien,,,,,,100,2,100,5,100,3,,,orglogos/org_resist_mid,100,4,100,5,,,AssaultAlienAsset,Advise,Stabilize,,100,10,,100,20,,,,,,,,,Xenology,0.1,,Appease,Escape,Exploit,,,,100,3,100,3,,,,,,,100,0.05,,,,,,,,,,,Destroy,Cooperate,Submit,,,,,,,,,,,,,,,,,,,,,,,,,,,,,,,,,,,
DestroySpecial,Destroy Special,Faction,3,,false,,false,false,,Destroy,Alien,,,,,,,,100,5,100,10,,,orglogos/org_destroy_mid,100,5,,,100,0.05,AssaultAlienAsset,Purge,Assassinate,,100,10,,,,,,,,,,,,MilitaryScience,0.1,,Appease,Escape,Resist,,,,100,3,,,,,,,,,100,0.1,,,,,,,,,,,Exploit,Cooperate,Submit,,,,,,,,,,,,,,,,,,,,,,,,,,,,,,,,,,,
ExploitSpecial,Exploit Special,Faction,3,,false,,false,false,,Exploit,Alien,,,,,,100,4,100,5,,,100,0.1,orglogos/org_exploit_mid,100,2,100,5,,,GainInfluence,Purge,Propaganda,ControlSpaceAsset,,,,,,,,,,,,,,SocialScience,0.1,,Appease,Escape,Resist,100,15,,100,5,,,100,0.2,,,,,,,,,,,,,,,,,Destroy,Cooperate,Submit,,,,,,,,,,,,,,,,,,,,,,,,,,,,,,,,,,,
CooperateSpecial,Cooperate Special,Faction,3,,false,,false,false,,Cooperate,Alien,,,,,,100,2,,,,,,,orglogos/org_cooperate_mid,,,,,,,GainInfluence,DefendInterests,Advise,ControlSpaceAsset,,,,100,10,,,,,,,,,Xenology,0.1,,Appease,Escape,Resist,100,3,,100,6,100,2,,,,,,,,,,,,,,,,,,,Destroy,Exploit,Submit,,,,,,,,,,,,,,,,,,,,,,,,,,,,,,,,,,,
SubmitSpecial,Submit Special,Faction,3,,false,,false,false,,Submit,Alien,,,,,,100,3,,,100,10,,,orglogos/org_submit_mid,100,4,,,100,0.05,GainInfluence,Purge,DefendInterests,,100,5,,,,,,,,,,,,Xenology,0.1,,Appease,Escape,Resist,100,3,,100,6,,,100,0.1,,,,,,,,,,,,,,,,,Destroy,Cooperate,Exploit,,,,,,,,,,,,,,,,,,,,,,,,,,,,,,,,,,,
AppeaseSpecial,Appease Special,Faction,3,,false,,false,false,,Appease,Alien,,,,,,100,3,,,,,,,orglogos/org_appease_mid,100,2,100,3,,,Crackdown,Propaganda,DefendInterests,,,,,,,,,,,,,,,SocialScience,0.1,,Escape,Resist,Destroy,100,5,,100,6,,,100,0.05,,,,,,,,,,,,,,,,,Cooperate,Exploit,Submit,,,,,,,,,,,,,,,,,,,,,,,,,,,,,,,,,,,
EscapeSpecial,Escape Special,Faction,3,,false,,false,false,,Escape,Alien,,,,,,,,,,,,,,orglogos/org_escape_mid,,,,,,,Advise,ControlSpaceAsset,,,,,,100,40,100,0.1,100,0.1,100,0.1,100,0.1,SpaceScience,0.2,,Resist,Destroy,Cooperate,,,,100,3,100,5,,,100,0.05,,1,,,100,4,,,100,9,,,,,Exploit,Submit,Appease,,,,,,,,,,,,,,,,,,,,,,,,,,,,,,,,,,,
SubmitAdministration,Submit Administration,Faction,3,,false,,false,false,,Submit,Alien,,,,,,,,,,,,,,orglogos/org_submit_mid,,,,,,,BuildFacility,AssumeControl,Xenoform,Abductions,,,,,,,,,,,,,,,,,Appease,Escape,Resist,,,,100,3,,,,,,,,,,,,,,,,,,,,,Destroy,Cooperate,Exploit,,,,,,,,,,,,,,,,,,,,,,,,,,,,,,,,,,,
ResistWinner,Resist Winner,Faction,3,,false,,false,false,,Resist,Alien,,,,,,,,,,,,,,orglogos/org_resist_win,,,,,,,ResistWin,SeizeSpaceAsset,,,,,,,,,,,,,,,,,,,Appease,Escape,Exploit,,,,100,3,,,,,,,,,,,,,,,,,,,,,Destroy,Cooperate,Submit,,,,,,,,,,,,,,,,,,,,,,,,,,,,,,,,,,,
DestroyWinner,Destroy Winner,Faction,3,,false,,false,false,,Destroy,Alien,,,,,,,,,,,,,,orglogos/org_destroy_win,,,,,,,DestroyWin,SeizeSpaceAsset,,,,,,,,,,,,,,,,,,,Appease,Escape,Resist,,,,100,3,,,,,,,,,,,,,,,,,,,,,Exploit,Cooperate,Submit,,,,,,,,,,,,,,,,,,,,,,,,,,,,,,,,,,,
ExploitWinner,Exploit Winner,Faction,3,,false,,false,false,,Exploit,Alien,,,,,,100,10,100,10,,,,,orglogos/org_exploit_win,,,100,5,,,ExploitWin,GainInfluence,Purge,Propaganda,100,5,,,,,,,,,,,,,,,Appease,Escape,Resist,100,10,,100,3,,,100,0.2,,,,,,,,,,,,,,,,,Destroy,Cooperate,Submit,,,,,,,,,,,,,,,,,,,,,,,,,,,,,,,,,,,
CooperateWinner,Cooperate Winner,Faction,3,,false,,false,false,,Cooperate,Alien,,,,,,,,,,,,,,orglogos/org_cooperate_win,,,,,,,CooperateWin,SeizeSpaceAsset,,,,,,,,,,,,,,,,,,,Appease,Escape,Resist,,,,100,3,,,,,,,,,,,,,,,,,,,,,Destroy,Exploit,Submit,,,,,,,,,,,,,,,,,,,,,,,,,,,,,,,,,,,
SubmitWinner,Submit Winner,Faction,3,,false,,false,false,,Submit,Alien,,,,,,,,,,,,,,orglogos/org_submit_win,,,,,,,SubmitWin,Abductions,,,,,,,,,,,,,,,,,,,Appease,Escape,Resist,,,,100,3,,,,,,,,,,,,,,,,,,,,,Destroy,Cooperate,Exploit,,,,,,,,,,,,,,,,,,,,,,,,,,,,,,,,,,,
AppeaseWinner,Appease Winner,Faction,3,,false,,false,false,,Appease,Alien,,,,,,,,,,,,,,orglogos/org_appease_win,,,,,,,AppeaseWin,SeizeSpaceAsset,DominateNation,,,,,,,,,,,,,,,,,,Escape,Resist,Destroy,,,,100,3,,,,,,,,,,,,,,,,,,,,,Cooperate,Exploit,Submit,,,,,,,,,,,,,,,,,,,,,,,,,,,,,,,,,,,
EscapeWinner,Escape Winner,Faction,3,,false,,false,false,,Escape,Alien,,,,,,,,,,,,,,orglogos/org_escape_win,,,,,,,EscapeWin,,,,,,,,,,,,,100,0.05,,,,,,Resist,Destroy,Cooperate,,,,100,3,,,,,,,,,,,,,,,,,,,,,Exploit,Submit,Appease,,,,,,,,,,,,,,,,,,,,,,,,,,,,,,,,,,,
ResistSpaceGroup,Resist Space Group,Faction,2,,false,,false,false,,Resist,Alien,,,,,,,,,,,,,,orglogos/resist_space_org,,,,,,,SeizeSpaceAsset,ControlSpaceAsset,,,,,,,,,,100,0.05,100,0.05,,,,,,Appease,Escape,Exploit,,,,,,,,,,,,,,,,100,8,,,100,1.5,,,,,Destroy,Cooperate,Submit,,,,,,,,,,,,,,,,,,,,,,,,,,,,,,,,,,,
DestroySpaceGroup,Destroy Space Group,Faction,2,,false,,false,false,,Destroy,Alien,,,,,,,,,,,,,,orglogos/destroy_space_org,,,,,,,SeizeSpaceAsset,,,,,,,,,,,100,0.05,100,0.05,,,,,,Appease,Escape,Resist,,,,,,,,,,,,,,,,100,8,,,100,1.5,,,,,Exploit,Cooperate,Submit,,,,,,,,,,,,,,,,,,,,,,,,,,,,,,,,,,,
ExploitSpaceGroup,Exploit Space Group,Faction,2,,false,,false,false,,Exploit,Alien,,,,,,,,,,,,,,orglogos/exploit_space_org,,,,,,,ControlSpaceAsset,,,,,,,,,,,100,0.05,100,0.05,,,,,,Appease,Escape,Resist,,,,,,,,,,,,,,,,100,8,,,100,1.5,,,,,Destroy,Cooperate,Submit,,,,,,,,,,,,,,,,,,,,,,,,,,,,,,,,,,,
CooperateSpaceGroup,Cooperate Space Group,Faction,2,,false,,false,false,,Cooperate,Alien,,,,,,,,,,,,,,orglogos/cooperate_space_org,,,,,,,ControlSpaceAsset,,,,,,,,,,,100,0.05,100,0.05,,,,,,Appease,Escape,Resist,,,,,,,,,,,,,,,,100,8,,,100,1.5,,,,,Destroy,Exploit,Submit,,,,,,,,,,,,,,,,,,,,,,,,,,,,,,,,,,,
SubmitSpaceGroup,Submit Space Group,Faction,2,,false,,false,false,,Submit,Alien,,,,,,,,,,,,,,orglogos/submit_space_org,,,,,,,SeizeSpaceAsset,ControlSpaceAsset,,,,,,,,,,100,0.05,100,0.05,,,,,,Appease,Escape,Resist,,,,,,,,,,,,,,,,100,8,,,100,1.5,,,,,Destroy,Cooperate,Exploit,,,,,,,,,,,,,,,,,,,,,,,,,,,,,,,,,,,
AppeaseSpaceGroup,Appease Space Group,Faction,2,,false,,false,false,,Appease,Alien,,,,,,,,,,,,,,orglogos/appease_space_org,,,,,,,ControlSpaceAsset,,,,,,,,,,,100,0.05,100,0.05,,,,,,Escape,Resist,Destroy,,,,,,,,,,,,,,,,100,8,,,100,1.5,,,,,Cooperate,Exploit,Submit,,,,,,,,,,,,,,,,,,,,,,,,,,,,,,,,,,,
EscapeSpaceGroup,Escape Space Group,Faction,2,,false,,false,false,,Escape,Alien,,,,,,,,,,,,,,orglogos/escape_space_org,,,,,,,ControlSpaceAsset,,,,,,,,,,,100,0.05,100,0.05,,,,,,Resist,Destroy,Cooperate,,,,,,,,,,,,,,,,100,8,,,100,1.5,,,,,Exploit,Submit,Appease,,,,,,,,,,,,,,,,,,,,,,,,,,,,,,,,,,,
RandomSecurity11,Bodyguard,Security,1,,true,,true,false,,,,30,,,100,-2,,,,,100,1,,,,,,,,,,Protect,,,,,,,,,,,,,,,,,,,,,,,,,,,,,,,,,,,,,,,,,,,,,,,,,,,10,1,,,,,,,,,,,,,,,,,,,,,,,,,,,,,,,,,
RandomSecurity12,Bodyguard,Security,2,,true,,true,false,,,,100,,,100,-5,,,,,100,2,,,,,,20,1,,,Protect,,,,,,,,,,,,,,,,,,,,,,,,,,,,,,,,,,,,,,,,,,,,,,,,,,,50,2,ArrivalSecurity,,,,,,,,,,,,,,,,,,,,,,,,,,,,,,,,
RandomSecurity13,Bodyguard,Security,3,,true,,true,false,,,,250,,,100,-10,,,,,100,3,,,,,,20,1,20,0.02,Protect,,,,,,,,,,,,,,,,,,,,,,,,,true,,,,,,,,,,,,,,,,,,,,,,,,,,50,5,QuantumEncryption,0.02,,,,,,,,,,,,,,,,,,,,,,,,,,,,,,,
RandomSecurity21,Defensive Ops,Security,1,,true,,true,false,,,,100,,,100,-2,,,,,100,1,,,,100,1,20,1,,,Extract,Protect,,,20,1,,,,,,,,,,,,,,,,,,,,,,,,,,,,,,,,,,,,,,,,,,,,,,25,1,,,1,,,,,,,,,,,,,,,,,,,,,,,,,,,,,,
RandomSecurity22,Defensive Ops,Security,2,,true,,true,false,,,,250,,,100,-5,,,,,100,1,,,,100,2,50,1,,,Extract,Protect,Stabilize,,50,1,,,,,,,,,,,,,,,,,,,,,,,,,,,,,,,,,,,,,,,,,,,,,,25,2,TerrestrialMilitaryScience,,1,,,,,,,,,,,,,,,,,,,,,,,,,,,,,,
RandomSecurity23,Defensive Ops,Security,3,,true,,true,false,,,,500,20,,100,-10,,,20,1,100,2,,,,100,3,100,1,20,0.02,Extract,Protect,Stabilize,,100,1,,,,,,,,,,,,,,,,,,,,,,,,,,,,,,,,,,,,,,,,,,,,,,50,5,ArrivalSecurity,0.02,1,10,1,,,,,,,,,,,,,,,,,,,,,,,,,,,,
RandomSecurity31,Dirty Tricks,Security,1,,true,,true,false,,Destroy,Cooperate,100,,,100,-2,,,20,1,,,,,,100,1,,,50,0.02,SabotageFacilities,,,,20,1,,,,,,,,,,,,,,Exploit,,,,,,,,,,,,,,,,,,,,,,,,,,,,,,,,25,1,,0.05,1,,,,,,,,,,,,,,,,,,,,,,,,,,,,,,
RandomSecurity32,Dirty Tricks,Security,2,,true,,true,false,,Destroy,Cooperate,300,10,,100,-5,,,50,1,100,1,,,,100,2,,,50,0.05,Assassinate,SabotageFacilities,,,50,1,,,,,,,,,,,,,,Exploit,,,,,,,,,,,,,,,,,,,,,,,,,,,,,,,,50,2,TerrestrialMilitaryScience,0.05,1,10,,,,,,,,,,,,,,,,,,,,,,,,,,,,,
RandomSecurity33,Dirty Tricks,Security,3,,true,,true,false,,Destroy,Cooperate,600,30,,100,-10,,,100,1,100,1,,,,100,3,20,1,50,0.1,Assassinate,Unrest,SabotageFacilities,,100,1,,,,,,,,,,,,,,Exploit,,,,,,true,,,,,,,,,,,,,,,,,,,,,,,,,,100,5,ArrivalSecurity,0.05,2,10,1,1,,,,,,,,,,,,,,,,,,,,,,,,,,,
RandomSecurity14,Mil advisers,Security,1,,true,,true,false,,Resist,,100,,,100,-2,,,,,,,,,,,,,,,,Advise,,,,100,1,,,,,,,,,,,,,,,,,,,,,,,,,,,,,,,50,0.02,,,,,,,,,,,,,,25,1,,,,,,,0.05,,,,,,,,,,,,,,,,,,,,,,,,,,
RandomSecurity24,Mil advisers,Security,2,,true,,true,false,,Resist,,250,,,100,-5,,,,,50,1,,,,,,,,,,Advise,Stabilize,,,100,1,,,,,,,,,,,,MilitaryScience,0.02,,,,,,,,,,,,,,,,,,50,0.05,,,,,,,,,,,,,,50,2,TerrestrialMilitaryScience,,,,1,,0.05,,,,,,,,,,,,,,,,,,,,,,,,,,
RandomSecurity34,Mil advisers,Security,3,,true,,true,false,,Resist,,500,10,,100,-10,,,,,100,1,,,,,,,,,,Advise,Stabilize,,,100,2,,,,,,,,,,,,MilitaryScience,0.04,,,,,,,,,,,,,,,,,,50,0.1,,,,,,,,,,,,,,100,5,ArrivalSecurity,,,10,1,,0.05,,,,,,,,,,,,,,,,,,,,,,,,,,
RandomSecurity41,Combat Team,Security,1,,true,,true,false,,Destroy,,100,,,100,-2,,,,,20,1,,,,100,1,,,,,AssaultAlienAsset,,,,,,,,,,,,,,,,,,,Resist,,,,,,,,,,,,,,,,,,,,,,,,,,,,,,,,25,1,,,1,,,,,,,,,,,,,,,,,,,,,,,,,,,,,,
RandomSecurity42,Combat Team,Security,2,,true,,true,false,,Destroy,,300,10,,100,-5,,,,,50,1,,,,100,2,,,,,AssaultAlienAsset,Assassinate,Extract,,100,1,,,,,,,,,,,,,,Resist,,,,,,,,,,,,,,,,,,,,,,,,,,,,,,,,50,2,TerrestrialMilitaryScience,,1,10,,,,,,,,,,,,,,,,,,,,,,,,,,,,,
RandomSecurity43,Combat Team,Security,3,,true,,true,false,,Destroy,,600,20,,100,-10,,,20,1,100,1,,,,100,3,,,,,AssaultAlienAsset,Assassinate,Extract,,100,2,,,,,,,,,,,,,,Resist,,,,,,,,,,,,,,,,,,,,,,,,,,,,,,,,100,5,NetworkedGlobalDefense,,2,20,,,,,,,,,,,,,,,,,,,,,,,,,,,,,
RandomAerospace11,Space Ops,Aerospace,1,,true,,true,false,,Escape,,250,,,,,,,,,,,,,,,,,,,,,,,,,,,,,,,20,0.02,20,0.02,,,,,,,,,,,,,,,,,,,,,,,,,,,,100,0.5,,,,,,,,50,,,,,,,,,0.02,0.02,,,,,,,,,,,,,,,,,,,,,,,,
RandomAerospace21,Space Ops,Aerospace,2,,true,,true,false,,Escape,,400,10,,,,,,,,,,,,,,,,,,,,,,,,,,,,,,35,0.04,35,0.04,,,,,,,,,,,,,,,,,,,,,,,,100,1,,,100,1,,,,,,,,100,,AdvancedChemicalRocketry,,,10,,,,0.02,0.02,1,,,,,,,,,,,,,,,,,,,,,,,
RandomAerospace31,Space Ops,Aerospace,3,,true,,true,false,,Escape,,600,20,,,,,,,,,,,,,,,,,,,,,,,,,,,,,,50,0.06,50,0.06,,,,,,,,,,,,,,,,,,,,,,,,100,1,,,100,2,,,,,,,,200,,NextGenerationAerospace,,,20,,,,0.02,0.02,1,1,,,,,,,,,,,,,,,,,,,,,,
RandomAerospace12,R&D,Aerospace,1,,true,,true,false,,Cooperate,,200,,,,,,,,,,,,,,,,,,,,,,,,,,,100,10,50,0.02,100,0.02,,,,,Energy,0.02,,,,,,,,,,100,1,,,,,,,50,0.02,,,,,,,,,,,,,,50,,,,,,,,0.03,0.02,,,,10,0.02,,,,,,,,,,,,,,,,,,,,
RandomAerospace22,R&D,Aerospace,2,,true,,true,false,,Cooperate,,500,,,,,,,,,,,,,,,,,,,,,,,,,,,100,20,50,0.04,100,0.04,,,,,Energy,0.04,,,,,,,,,,100,1,,,,,,,75,0.05,,,,,,,,,,,,,,100,,NextGenerationAerospace,,,,,,0.05,0.02,,,,10,0.02,,,,,,,,,,,,,,,,,,,,
RandomAerospace32,R&D,Aerospace,3,,true,,true,false,,Cooperate,,1000,,,,,,,,,,,,,,,,,,,,,,,,,,,100,30,50,0.06,100,0.06,,,,,Energy,0.06,,,,,,,,,,100,1,,,,,,,100,0.1,,,,,,,,,,,,,,200,,NetworkedGlobalDefense,,,,,,0.05,0.02,,,,10,0.02,1,,,,,,,,,,,,,,,,,,,
RandomAerospace13,Military Aerospace,Aerospace,1,,true,,true,false,,,,250,,,100,2,,,,,,,,,,,,,,,,,,,,,,,,,25,0.02,50,0.02,50,0.02,,,MilitaryScience,0.02,,,,,,,,,,,,,,,,,,100,0.02,,,,,50,0.5,,,,,,,,300,2,NextGenerationAerospace,,,,,,0.03,0.02,0.02,,,,0.02,,,,,,,,,,,,,,,,,,,,
RandomAerospace23,Military Aerospace,Aerospace,2,,true,,true,false,,,,600,10,,100,3,,,,,,,,,,,,,,,,,,,,,,,,,25,0.02,50,0.04,50,0.04,,,MilitaryScience,0.04,,,,,,,,,,,,,,,,,,100,0.05,25,1,,,50,1,,,,,,,,600,12,TerrestrialMilitaryScience,,,10,,,0.05,0.02,0.02,1,,,0.02,,,,,,,,,,,,,,,,,,,,
RandomAerospace33,Military Aerospace,Aerospace,3,,true,,true,false,,,,2000,20,,100,15,,,,,,,,,,,,,,,,,,,,,,,20,1,25,0.02,50,0.06,50,0.06,,,MilitaryScience,0.06,,,,,,,,20,4,20,1,,,,,,,100,0.1,50,1,,,50,2,,,,,,,,500,15,NetworkedGlobalDefense,,,20,,,0.05,0.02,0.02,1,,5,0.02,0,0,,,,,,,,,,,,,,,,,,
RandomAerospace14,MC,Aerospace,1,,true,,true,false,,Escape,,500,,,,,,,,,,,,,,,,,,,,,,,,,,,30,1,,,,,100,0.03,,,,,,,,,,,,,,,,,,,,,,,,100,1,,,,,,,,,,,,50,,AugmentedReality,,,,,,,,0.02,,1,5,,,,,,,,,,,,,,,,,,,,,
RandomAerospace24,MC,Aerospace,2,,true,,true,false,,Escape,,1200,,,,,,,,,,,,,,,,,,,,,,,,,,,30,1,,,,,100,0.03,,,,,,,,,,,,,,,,,,,,,,,,100,3,,,,,,,,,,,,600,,AdvancedNeuralNetworks,,,,,,,,0.05,,2,8,,,,,,,,,,,,,,,,,,,,,
RandomAerospace34,MC,Aerospace,3,,true,,true,false,,Escape,,2000,10,,,,,,,,,,,,,,,,,,,,,,,,,,30,1,,,,,100,0.03,,,,,,,,,,,,20,4,,,,,,,,,,,100,5,,,,,,,,,,,,800,,AdministrationAlgorithms,,,10,,,,,0.08,,3,10,,,1,,,,,,,,,,,,,,,,,,
RandomInvestigations11,Investigation,Investigations,1,,true,,true,false,,,,50,,,,,,,,,,,,,,,,100,1,,,InvestigateCouncilor,InvestigateAlienActivity,Detain,DetectCouncilActivity,,,,,,,,,,,,,,,,,,,,,,,,,,,,,,,,,,,,,,,,,,,,,,,,50,,,,,,,,,,,,,,,,,,,,,,,,,,,,,,,,,,
RandomInvestigations12,Investigation,Investigations,2,,true,,true,false,,,,200,,,,,,,,,,,,,,,,100,2,,,InvestigateCouncilor,InvestigateAlienActivity,Detain,DetectCouncilActivity,,,,,,,,,,,,,,,,,,,,,,,,,,,,,,,,,,,,,,,,,,,,,,,,100,,,,,,,,,,,,,,,,,,,,,,,,,,,,,,,,,,
RandomInvestigations13,Investigation,Investigations,3,,true,,true,false,,,,500,10,,,,,,,,,,,,,,,100,3,,,InvestigateCouncilor,InvestigateAlienActivity,Detain,DetectCouncilActivity,,,,,,,,,,,,,,,,,,,,,,,,,,,,,,,,,,,,,,,,,,,,,,,,200,,QuantumComputing,,,10,,,,,,,,,,,,,,,,,,,,,,,,,,,,,
RandomInvestigations21,Espionage,Investigations,1,,true,1,true,false,,,,50,,,,,,,100,1,,,,,,25,1,,,,,SabotageProject,,,,,,,,,,,,,,,,,,,,,,,,,,,,,,,,,,,,,,,,,,,,,,,,,,,50,,,,0,,,,,,,,,,,,,,,,,,,,,,,,,,,,,,
RandomInvestigations22,Espionage,Investigations,2,,true,2,true,false,,,,200,,,,,,,100,2,,,,,,75,1,,,,,SabotageProject,StealProject,,,,,,,,,,,,,,,,,,,,,,,,,,,,,,,,,,,,,,,,,,,,,,,,,,100,,,,1,,,,,,,,,,,,,,,,,,,,,,,,,,,,,,
RandomInvestigations23,Espionage,Investigations,3,,true,3,true,false,,,,500,,,,,,,100,3,20,1,,,,100,2,,,,,SabotageProject,StealProject,Detain,,,,,,,,,,,,,,,,,,,,,,,,,,,,20,0.02,,,,,,,,,,,,,,,,,,,,200,,ArrivalSecurity,,1,,,,,,,,,,,,,,,,,,,,,,,,,,,,,,
RandomInvestigations31,Intelligence,Investigations,1,,true,,true,false,,,,50,,,100,2,,,50,1,20,1,,,,,,100,1,,,DetectCouncilActivity,InvestigateCouncilor,InvestigateAlienActivity,Advise,,,,,,,,,,,,,,,,,,,,,,,,,,,,,,,,,,,,,,,,,,,,,,,,50,2,,,,,,,,,,,,,,,,,,,,,,,,,,,,,,,,,
RandomInvestigations32,Intelligence,Investigations,2,,true,,true,false,,,,200,,,100,3,,,100,1,50,1,,,,25,1,100,1,,,DetectCouncilActivity,InvestigateCouncilor,InvestigateAlienActivity,Advise,,,,,,,,,,,,,,,,,,,,,,,,,,,,,,,,,,,,,,,,,,,,,,,,100,12,,,0,,,1,,,,,,,,,,1,1,,,,,,,,,,,,,,,,
RandomInvestigations33,Intelligence,Investigations,3,,true,,true,false,,,,500,10,,100,15,20,1,100,2,100,1,,,,50,1,100,2,,,DetectCouncilActivity,InvestigateCouncilor,InvestigateAlienActivity,Advise,,,,,,,,,,,,,,,,,,,,,,,,,,,,,,,,,,,,,,,,,,,,,,,,200,15,QuantumComputing,,1,10,,1,,,,,,,,,,1,2,2,,,,,,,,,,,,,,,
RandomBusinessManagement11,,BusinessManagement,1,,true,,true,false,,,,1500,10,,100,-20,,,,,,,20,0.01,,,,,,,,,,,,,,,,,,,,,,,,,,,,,,,,,,100,3,,,,,,,,,,,,,50,0.01,,,,,,,,,,1000,10,,,,10,,,,,,,,,,,,,,,0.01,0.01,,,,,,,,,,,,,
RandomBusinessManagement21,,BusinessManagement,2,,true,,true,false,,,,2500,20,,100,-40,,,,,,,20,0.01,,,,,,,,HostileTakeover,,,,,,,,,,,,,,,,,,,,,,,,,,100,5,,,,,,,,,,,,,75,0.02,,,,,,,,,,2500,20,ArrivalEconomics,,,20,,,,,,,,,,,,,,,0.02,0.04,,,,,,,,,,,,,
RandomBusinessManagement31,,BusinessManagement,3,,true,,true,false,,,,5000,30,,100,-80,,,,,,,20,0.01,,,,,,,,HostileTakeover,,,,,,,,,,,,,,,,,,,,,,,,,,100,7,,,,,,,,,,,,,100,0.04,,,,,,,,,,3500,40,WhiteCollarAutomation,,,30,,,,,,,,,,,,,,,0.02,0.07,,,,,,,,,,,,,
RandomResearch11,,Research,1,,true,,true,false,,,,50,,,100,-5,,,,,,,,,,,,,,,,,,,,,,,100,10,25,0.01,25,0.01,,,,,SpaceScience,0.05,,,,,,,,,,50,1,,,,,,,,,,,,,,,,,,,,,,100,4,,,,,,,,0.02,,,,10,0.02,,,,,,,,,,,,,,,,,,,,
RandomResearch12,,Research,2,,true,,true,false,,,,250,,,100,-15,,,,,,,,,,,,,,,,,,,,,,,100,20,50,0.01,50,0.01,,,,,SpaceScience,0.1,,,,,,,,,,100,1,,,10,0.01,,,,,,,,,,,,,,,,,,250,10,SpaceResearch,,,,,,,0.04,,,,10,0.04,1,,,,,,,0.01,,,,,,,,,,,,
RandomResearch13,,Research,3,,true,,true,false,,,,1000,10,,100,-30,,,,,,,,,,,,,,,,,,,,,,,100,30,75,0.01,75,0.01,,,,,SpaceScience,0.15,,,,,,,,,,100,1,,,20,0.01,,,,,,,,,,,,,,,,,,500,15,DirectedSpaceResearch,,,10,,,,0.06,,,,10,0.06,2,,,,,,,0.03,,,,,,,,,,,,
RandomResearch21,,Research,1,,true,,true,false,,,,50,,,100,-5,,,,,,,,,,,,,,,,,,,,,,,100,10,,,,,,,,,SocialScience,0.05,,,,,,,,,,50,1,10,0.01,,,,,,,,,10,0.01,,,,,10,0.01,,,,100,4,,,,,,,,,,,,10,,,,,,,0.01,,,0.02,0.02,,,,,,,,,,
RandomResearch22,,Research,2,,true,,true,false,,,,250,,,100,-15,,,,,,,,,,,,,,,,,,,,,,,100,20,,,,,,,,,SocialScience,0.1,,,,,,,,,,100,1,20,0.01,10,0.01,,,,,,,20,0.01,,,,,20,0.01,,,,250,10,,,,,,,,,,,,10,,1,,,,,0.02,,0.01,0.04,0.04,,,,,,,,,,
RandomResearch23,,Research,3,,true,,true,false,,,,1000,10,,100,-30,,,,,,,,,,,,,,,,,,,,,,,100,30,,,,,,,,,SocialScience,0.15,,,,,,,,,,100,1,30,0.01,20,0.01,,,,,,,30,0.01,,,,,30,0.01,,,,500,15,AdvancedNeuralNetworks,,,10,,,,,,,,10,,2,,,,,0.03,,0.03,0.06,0.06,,,,,,,,,,
RandomResearch31,,Research,1,,true,,true,false,,,,50,,,100,-5,,,,,,,,,,,,,,,,,,,,,,,100,10,,,20,0.01,,,,,Energy,0.05,,,,,,,,,,50,1,,,,,,,,,,,,,,,,,,,,,,100,4,,,,,,,,0.02,,,,10,,,,,,,,,,,,,,,,,,,,,
RandomResearch32,,Research,2,,true,,true,false,,,,250,,,100,-15,,,,,,,,,,,,,,,,,,,,,,,100,20,,,40,0.01,,,,,Energy,0.1,,,,,,,,,,100,1,,,10,0.01,,,,,,,,,,,,,,,,,,250,10,,,,,,,,0.04,,,,10,,1,,,,,,,0.01,,,,,,,,,,,,
RandomResearch33,,Research,3,,true,,true,false,,,,1000,10,,100,-30,,,,,,,,,,,,,,,,,,,,,,,100,30,,,60,0.01,,,,,Energy,0.15,,,,,,,,,,100,1,,,20,0.01,,,,,,,,,,,,,,,,,,500,15,AugmentedReality,,,10,,,,0.06,,,,10,,2,,,,,,,0.03,,,,,,,,,,,,
RandomResearch41,,Research,1,,true,,true,false,,,,50,,,100,-5,,,,,,,,,,,,,,,,,,,,,,,100,10,,,,,,,,,LifeScience,0.05,,,,,,,,,,50,1,,,,,,,,,,,,,,,,,10,0.01,,,,100,4,,,,,,,,,,,,10,,,,,,,,,,0.02,,,,,,,,,,,
RandomResearch42,,Research,2,,true,,true,false,,,,250,,,100,-15,,,,,,,,,,,,,,,,,,,,,,,100,20,,,,,,,,,LifeScience,0.1,,,,,,,,,,100,1,,,10,0.01,,,,,,,,,,,,,20,0.01,,,,250,10,Biotechnology,,,,,,,,,,,10,,1,,,,,,,0.01,0.04,,,,,,,,,,,
RandomResearch43,,Research,3,,true,,true,false,,,,1000,10,,100,-30,,,,,,,,,,,,,,,,,,,,,,,100,30,,,,,,,,,LifeScience,0.15,,,,,,,,,,100,1,,,20,0.01,,,,,,,,,,,,,30,0.01,,,,500,15,SpaceMedicine,,,10,,,,,,,,10,,2,,,,,,,0.03,0.06,,,,,,,,,,,
RandomResearch51,,Research,1,,true,,true,false,,,,50,,,100,-5,,,,,,,,,,,,,,,,,,,,,,,100,10,,,10,0.01,,,,,Materials,0.05,,,,,,,,,,50,1,,,,,,,,,,,,,,,,,,,,,,100,4,,,,,,,,0.02,,,,10,,,,,,,,,,,,,,,,,,,,,
RandomResearch52,,Research,2,,true,,true,false,,,,250,,,100,-15,,,,,,,,,,,,,,,,,,,,,,,100,20,,,20,0.01,,,,,Materials,0.1,,,,,,,,,,100,1,,,10,0.01,,,,,,,,,,,,,,,,,,250,10,AdvancedCarbonManipulation,,,,,,,0.04,,,,10,,1,,,,,,,0.01,,,,,,,,,,,,
RandomResearch53,,Research,3,,true,,true,false,,,,1000,10,,100,-30,,,,,,,,,,,,,,,,,,,,,,,100,30,,,30,0.01,,,,,Materials,0.15,,,,,,,,,,100,1,,,20,0.01,,,,,,,,,,,,,,,,,,500,15,AdvancedAtomicManipulation,,,10,,,,0.06,,,,10,,2,,,,,,,0.03,,,,,,,,,,,,
RandomInfluence11,PR,Influence,1,,true,,true,false,,,,50,,,25,-1,100,1,,,,,,,,,,,,,,Propaganda,,,,,,,,,25,0.01,,,,,,,,,,,,,20,1,,,,,,100,0.02,,,,,,,,,,,,,,,,,,,,50,2,,,,,,,,,,,,,0.01,,,,,1,,,,,0.02,,,,,,,,,,
RandomInfluence12,PR,Influence,2,,true,,true,false,,,,200,,,25,-2,100,2,,,,,,,,,,,,,,Propaganda,,,,,,,,,,,,,,,,,,,,,,,20,1,,,,,,100,0.04,,,,,,,,,,,,,,,,,,,,200,4,,,,,,,,,,,,,,,,,,2,,,,,0.02,,,,,,,,,,
RandomInfluence13,PR,Influence,3,,true,,true,false,,,,500,10,,25,-4,100,4,,,,,,,,,,,,,,Propaganda,Stabilize,,,,,,,,,,,,,,,,,,,,,,20,1,,,,,,100,0.06,,,,,,,,,,,,,,,,,,,,250,8,ArrivalMassCommunications,,,10,,,,,,,,,,,,,,4,,,,,0.02,1,,,,,,,,,
RandomInfluence21,Lobbying,Influence,1,,true,,true,false,,,,50,5,,25,-1,100,1,,,,,,,,,,,,,,GainInfluence,,,,,,,,,50,0.01,,,,,,,,,,,,,100,1,,,,,,,,,,,,,,,,,,,,,,,,,,,50,2,,,,5,,,,,,,,,0.01,,,,,1,,,,,,,,,,,,,,,
RandomInfluence22,Lobbying,Influence,2,,true,,true,false,,,,200,10,,25,-2,100,2,,,,,,,,,,,,,,GainInfluence,DefendInterests,,,,,,,,50,0.01,,,,,,,,,,,,,100,2,,,,,,,,,,,,,,,,,,,,,,,,,,,200,4,ArrivalDomesticPolitics,,,10,,,,,,,,,0.03,,,,,2,,,,,,,,,,,,,,,
RandomInfluence23,Lobbying,Influence,3,,true,,true,false,,,,500,20,,25,-4,100,4,,,,,,,,,,,,,,GainInfluence,DefendInterests,Advise,,,,,,,50,0.01,,,,,,,,,,,,,100,3,,,,,,,,,,,,,,,,,,,,,,,,,,,250,8,ArrivalLaw,,,20,,,,,,,,,0.05,,,,,4,,,,,,,20,0.01,0.01,,,,,,
RandomInfluence31,Social Media,Influence,1,,true,,true,false,,Exploit,,100,,,50,1,100,1,,,,,10,0.01,,,,,,,,Propaganda,,,,,,,50,1,,,,,,,,,SocialScience,0.02,Escape,,,,20,1,,,,,,,,,,,,,,,,,,,,,,,,,,,100,2,,,,,,,,,,,,2,,,,,,1,,0.01,,,,,,,,,,,,,
RandomInfluence32,Social Media,Influence,2,,true,,true,false,,Exploit,,500,,,100,3,100,2,,,,,15,0.01,,,,25,1,,,Propaganda,Unrest,,,,,,75,1,,,,,,,,,SocialScience,0.05,Escape,,,,50,1,,,,,,50,0.01,,,,,,,,,,,,,,,,,,,,1000,3,ArrivalMassCommunications,,,,,,,,,,,9,,,,,,2,,0.02,,,0.01,,,,,,,,,,
RandomInfluence33,Social Media,Influence,3,,true,,true,false,,Exploit,,2000,10,,100,6,100,4,50,1,,,20,0.01,,,,50,1,,,Propaganda,Unrest,GainInfluence,,,,,100,10,,,,,,,,,SocialScience,0.1,Escape,,,,100,2,,,,,,100,0.02,20,0.01,,,,,,,,,,,,,,,,,,2000,4,NetworkedPropaganda,,,10,,,,,,,,10,,,,,,4,,0.03,0.01,,0.02,1,,,,,,,,,
RandomEngineering11,,Engineering,1,,true,,true,false,,,Alien,50,,,20,-5,,,,,,,,,,,,,,,,,,,,,,,10,1,,,,,,,,,,,,,,,,,,,,10,1,,,,,,1,,,,,,,,,,,,,,,,100,4,,,,,,,,,,,,10,,,,,,,,,,,,,,,,,,,,,
RandomEngineering12,,Engineering,2,,true,,true,false,,,Alien,250,,,35,-15,,,,,,,,,,,,,,,,,,,,,,,20,1,,,,,,,,,,,,,,,,,,,,50,1,,,,,,2,,,,,,,,,,,,,,,,250,10,AugmentedReality,,,,,,,,,,,20,,,,,,,,,,,,,,,,,,,,,
RandomEngineering13,,Engineering,3,,true,,true,false,,,Alien,1000,10,,50,-30,,,,,,,,,,,,,,,,,,,,,,,30,1,,,,,,,,,,,,,,,,,,,,100,1,,,,,,3,,,,,,,,,,,,,,,,500,15,Cybernetics,,,10,,,,,,,,30,,,,,,,,,,,,,,,,,,,,,
RandomCommercial11,,Commercial,1,,true,,true,false,,,,50,,,100,5,,,,,,,10,0.01,,,,,,,,,,,,,,,,,,,,,,,,,,,,,,,,,,,,,,,,,,,,,,,,50,0.01,,,,,,,,,,50,15,,,,,,,,,,,,,,,,,,,0.02,0.01,,,,,,,,,,,,,
RandomCommercial12,,Commercial,2,,true,,true,false,,,,200,,,100,20,,,,,,,15,0.01,,,,,,,,,,,,,,,,,,,,,,,,,,,,,,,,,,20,3,,,,,,,,,,,,,75,0.01,,,,,,,,,,200,30,,,,,,,,,,,,,,,,,,,0.03,0.02,,,,,,,,,,,,,
RandomCommercial13,,Commercial,3,,true,,true,false,,,,500,10,,100,50,20,1,,,,,20,0.01,,,,,,,,HostileTakeover,,,,,,,,,,,,,,,,,,,,,,,,,,20,5,,,,,,,,,,,,,100,0.01,,,,,,,,,,250,100,,,,10,,,,,,,,,,,,,,1,0.04,0.03,,,,,,,,,,,,,
RandomInformationTechnology11,R&D,InformationTechnology,1,,true,,true,false,,,,50,,,50,1,,,,,,,,,,,,,,,,,,,,,,,100,10,,,,,25,0.01,,,InformationScience,0.05,,,,,,,,,,50,1,,,,,,,10,0.01,,,10,0.01,,,,,,,,,,50,2,,,,,,,0.01,,0.02,,,10,,,,,,,0.01,,,,,,,,,,,,,,
RandomInformationTechnology12,R&D,InformationTechnology,2,,true,,true,false,,,,200,,,50,2,,,,,,,,,,,,,,,,,,,,,,,100,20,,,,,25,0.01,,,InformationScience,0.1,,,,,,,,,,100,1,,,,,,,10,0.01,,,20,0.01,,,,,,,,,,200,3,PhotonicComputing,,,,,,0.02,,0.04,,,10,,,,,,,0.02,,,,,,,,,,,,,,
RandomInformationTechnology13,R&D,InformationTechnology,3,,true,,true,false,,,,500,,,50,5,,,,,,,,,,,,,,,,,,,,,,,100,30,,,,,25,0.01,,,InformationScience,0.15,,,,,,,,,,100,1,,,,,,,10,0.01,,,30,0.01,,,,,,,,,,250,5,QuantumComputing,,,,,,0.03,,0.06,,,10,,1,,,,,0.03,,,,,,,,,,,,,,
RandomInformationTechnology21,Hacking,InformationTechnology,1,,true,-1,true,false,,Exploit,,50,10,,25,1,25,1,100,1,,,20,0.01,,,,25,1,,,StealProject,,,,,,,,,,,,,,,,,InformationScience,0.01,,,,,,,,,,,,,,,,,,,,,,,,,,,,,,,,,50,5,,,,10,,,,,,,,,,,,,,,,0.01,,,,,,,,,,,,,
RandomInformationTechnology22,Hacking,InformationTechnology,2,,true,-2,true,false,,Exploit,,200,20,,50,5,35,1,100,1,,,20,0.01,,,,40,1,,,StealProject,Propaganda,,,,,,,,,,,,,,,,InformationScience,0.02,,,,,20,1,,,,,,,,,,,,,,,,,,,,,,,,,,,200,5,,,,20,,1,,,,,,,,,,,,1,,0.04,,,,,,,,,,,,,
RandomInformationTechnology23,Hacking,InformationTechnology,3,,true,-3,true,false,,Exploit,,500,40,0,75,10,45,1,100,2,,,20,0.01,,,,55,1,,,StealProject,Propaganda,SabotageProject,,,,,,,,,,,,,,,InformationScience,0.03,,,,,33,1,,,,,,,,,,,,,,,,,,,,,,,,,,,250,10,QuantumComputing,,,40,,1,,,,,,,,,,1,,1,,0.07,,,,,,,,2,,,,,
RandomCriminal11,Org Crime,Criminal,1,,true,-1,true,false,Criminal,Exploit,,50,0,0,100,5,25,1,50,1,50,1,100,0.02,,50,1,,,,,HostileTakeover,,,,,,,,,,,,,,,,,,,,,,,,,,,,,,,,,,,,,,,,,,,,,,,,,,,50,25,,,1,20,,,,,,,,,,,,,,,,0.03,,,,,,,,5,,,,,
RandomCriminal12,Org Crime,Criminal,2,,true,-2,true,false,Criminal,Exploit,,200,0,0,100,30,35,1,60,1,100,1,100,0.05,,100,1,,,,,HostileTakeover,DefendInterests,,,,,,,,,,,,,,,,,,,,,,,,,50,4,,,,,,,,,,,,,,,,,,,,,,,,200,60,,,1,40,,,,,,,,,,,,,1,1,,0.05,,,,,,,,15,,,,,
RandomCriminal13,Org Crime,Criminal,3,,true,-3,true,false,Criminal,Exploit,,500,0,10,100,90,45,1,70,1,100,1,100,0.1,,100,3,,,,,HostileTakeover,DefendInterests,DetectCouncilActivity,,,,,,,,,,,,,,,,,,,,,33,1,,100,6,,,,,,,,,,,,,,,,,,,,,,,,250,120,ArrivalLaw,,1,60,,1,,,,,,,,,2,,2,2,,0.1,,,,,,,,20,,,,,
RandomCriminal21,Terrorism,Criminal,1,,true,,true,false,Criminal,Destroy,Cooperate,50,0,0,25,-1,,,30,1,,,,,,100,1,,,,,Assassinate,,,,,,,,,,,,,,,,,,,,Escape,,,,,,,,,,,,,,,,,,,,,,,,,,,,,,,50,,,,1,20,,,,,,,,,,,,,,,,,,,,,,,,5,,,,,
RandomCriminal22,Terrorism,Criminal,2,,true,,true,false,Criminal,Destroy,Cooperate,200,0,0,50,-3,,,40,1,,,,,,100,2,,,,,Assassinate,Unrest,,,,,,,,,,,,,,,,,,,Escape,,,,,,,,,,,,,,,,,,,,,,,,,,,,,,,200,,,,1,40,,,,,,,,,,,,,,,,,,,,,,,,15,,,,,
RandomCriminal23,Terrorism,Criminal,3,,true,,true,false,Criminal,Destroy,Cooperate,500,0,10,100,-5,,,50,1,,,,,,100,3,,,,,Assassinate,Unrest,Coup,,,,,,,,,,,,,,,,,,Escape,,,,,,,,,,,,,,,,,,,,,,,,,,,,,,,250,,,,1,60,,1,,,,,,,,,,,,,,,,,,,,,,20,,,,,
RandomNGO11,Welfare,NGO,1,,true,,true,false,,,Alien,,25,,100,-2,25,1,,,,,,,,,,,,,,Stabilize,,,,,,,,,,,,,,,,,,,,,,,,,,,,,,,,,,Sociopath,,,,,,,,,,,,100,0.02,,,,,2,,,,25,,,,,,,,,,,,,,,,,,0.02,,,,,,,,,,,
RandomNGO12,Welfare,NGO,2,,true,,true,false,,,Alien,,50,,100,-5,25,1,,,,,,,,,,,,,,Stabilize,,,,,,,,,,,,,,,,,,,,,,,,,,,,,,,,,,Sociopath,,,,,,,,,,,,100,0.04,,,,,4,,,,50,,,,,,,,,,,,,,1,,,,0.02,,,,,,,,,,,
RandomNGO13,Welfare,NGO,3,,true,,true,false,,,Alien,,100,,100,-10,25,1,,,,,,,,,,,,,,Stabilize,,,,,,,,,,,,,,,,,,,,,,,10,1,,,,,,,,,,Sociopath,,,,,,,,,,,,100,0.06,,,,,5,ArrivalEconomics,,,100,,,,,,,,,,,,,,2,,,,0.02,,,,,,,,,,,
RandomNGO21,Development,NGO,1,,true,,true,false,,,Alien,,25,,100,-5,25,1,,,,,,,,,,,,,,Advise,,,,,,,,,,,,,,,,,,,,,,,,,,,,,,,,100,0.02,Sociopath,,,,,,,,,,,,,,,,,,2,,,,25,,,,,,,,,,,,,,,,,0.02,,,,,,,,,,,,
RandomNGO22,Development,NGO,2,,true,,true,false,,,Alien,,50,,100,-10,25,1,,,,,,,,,,,,,,Advise,,,,,,,,,,,,,,,,,,,,,,,,,,,,,,,,100,0.04,Sociopath,,,,,,,,,,,,,,,,,,4,,,,50,,,,,,,,,,,,,,1,,,0.02,,,,,,,,,,,,
RandomNGO23,Development,NGO,3,,true,,true,false,,,Alien,,100,,100,-20,25,1,,,,,,,,,,,,,,Advise,,,,,,,,,,,,,,,,,,,,,,,10,1,,10,1,,,,,100,0.06,Sociopath,,,,,,,,,,,,,,,,,,10,ArrivalInternationalDevelopment,,,100,,,,,,,,,,,,,,2,,,0.02,,,,,,,,,,,,
RandomNGO31,Environment,NGO,1,,true,,true,false,,,Alien,,25,,100,-5,25,1,,,,,,,,,,,,,,,,,,,,,10,1,,,,,,,,,LifeScience,0.01,,Exploit,,,,,,,,,,,,,,Sociopath,,,,,,,,,,100,0.02,,,,,,,2,,,,25,,,,,,,,10,,,,,,,,,,,,,,,,,0.02,,,,
RandomNGO32,Environment,NGO,2,,true,,true,false,,,Alien,,50,,100,-10,25,1,,,,,,,,,,,,,,,,,,,,,20,1,,,,,,,,,LifeScience,0.02,,Exploit,,,,,,,,25,1,,,,,Sociopath,,,,,,,,,,100,0.04,,,,,,,4,Biotechnology,,,50,,,,,,,,20,,,,,,1,,,,,,,,,,,0.02,,,,
RandomNGO33,Environment,NGO,3,,true,,true,false,,,Alien,,100,,100,-20,25,1,,,,,,,,,,,,,,,,,,,,,30,1,,,,,,,,,LifeScience,0.03,,Exploit,,,10,1,,,,50,1,,,,,Sociopath,,,,,,,,,,100,0.06,,,,,,,10,CleanEnergy,,,100,,,,,,,,30,,,,,,2,,,,,,,,,,,0.02,,,,
RandomNGO41,Government,NGO,1,,true,,true,false,,,Alien,,25,,100,-5,100,1,,,,,,,,,,,,,,Advise,Stabilize,,,,,,,,,,,,,,,,SocialScience,0.01,,,,,,,,,,,,,,,,Sociopath,,,,,,,,,,,,,,,,,,2,ArrivalDomesticPolitics,,,25,,,,,,,,,,,,,,,,,,,,,100,0.02,0.02,,,,,,
RandomNGO42,Government,NGO,2,,true,,true,false,,,Alien,,50,,100,-10,100,1,,,,,,,,,,,,,,Advise,Stabilize,,,,,,,,,,,,,,,,SocialScience,0.02,,,,,,,,,,,,,,,,Sociopath,,,,,,,,,,,,,,,,,,4,ArrivalLaw,,,50,,,,,,,,,,,,,,1,,,,,,,100,0.04,0.02,,,,,,
RandomNGO43,Government,NGO,3,,true,,true,false,,,Alien,,100,,100,-20,100,1,,,25,1,,,,,,,,,,Advise,Stabilize,,,,,,,,,,,,,,,,SocialScience,0.03,,,,,10,1,,10,1,,,,,,,Sociopath,,,,,,,,,,,,,,,,,,10,ArrivalGovernance,,,100,,,,,,,,,,,,,,2,,,,,,,100,0.06,0.02,,,,,,
RandomSpaceMining11,,Resource,1,,true,,true,false,,Escape,,500,,,,,,,,,,,,,,,,,,,,,,,,,,,,,,,,,,,100,0.02,SpaceScience,0.01,,,,,,,,,,,,,,,,,,,,,,,,100,-2,,,,,,,,250,,IndustrializationofSpace,,,,,,,,,1,,,,,,,,,,,,,,,,,,,,10,10,0.02,
RandomSpaceMining12,,Resource,2,,true,,true,false,,Escape,,1000,,,,,,,,,,,,,,,,,,,,,,,,,,,,,,,,,,,100,0.04,SpaceScience,0.02,,,,,,,,,,,,,,,,,,,,,,,,100,-5,,,,,,,,500,,SpaceCommerce,,,,,,,,,3,,,,,,,,,,,,,,,,,,,,20,20,0.02,
RandomSpaceMining13,,Resource,3,,true,,true,false,,Escape,,1500,,,,,,,,,,,,,,,,,,,,,,,,,,,,,,,,,,,100,0.06,SpaceScience,0.03,,,,,,,,,,,,,,,,,,,,,,,,100,-10,,,,,,,,500,,IntegratedEarthSpaceEconomy,,,,,,,,,5,,,,,,,,,,,,,,,,,,,,40,40,0.04,
RandomResource11,,Resource,1,,true,,true,false,,Exploit,,50,,,100,10,50,1,,,,,100,0.01,,,,,,,,,,,,,,,,,,,,,,,,,Materials,0.01,,,,,,,,,,,,,,,,,,,,,,100,0.01,,,,,,,,,,50,20,,,,,,,,,,,,,,,,,,1,0.01,0.02,,,,,,,,,,,,,
RandomResource12,,Resource,2,,true,,true,false,,Exploit,,200,,,100,30,75,2,,,,,100,0.02,,,,,,,,,,,,,,,,,,,,,,,,,Materials,0.02,,,,,,,,,,25,1,,,,,,,,,,,100,0.02,,,,,,,,,,200,70,,,,,,,,,,,,,,,,,,1,0.02,0.03,,,,,,,,,,,,,
RandomResource13,,Resource,3,,true,,true,false,,Exploit,,500,10,,100,100,100,3,,,,,100,0.03,,25,1,,,,,,,,,,,,,,,,,,,,,,Materials,0.03,,,,,,,,,,50,1,,,,,,,,,,,100,0.04,,,,,,,,,,250,150,,,1,20,,,,,,,,,,,,,,2,0.02,0.04,,,,,,,,,,,,,
RandomCult11,,Sect,1,,true,,false,false,,Submit,Appease,,40,0,25,1,100,1,50,1,25,1,25,0.01,,25,1,,,,,Turn,Propaganda,,,,,,,,,,,,,,,,SocialScience,0.01,,Escape,Resist,Destroy,50,1,,,,,,25,0.01,,,,,,,,,,,,,,,,,Cooperate,,,,1,,,1,30,,1,,,,,,,,,,,1,1,,0.02,,,0.01,1,,,,1,,,,,
RandomVigilante11,,Criminal,1,,true,,false,false,,Destroy,Appease,,20,,,,,,,,50,1,25,0.01,,100,2,,,100,0.02,DetectCouncilActivity,Unrest,,,,,,,,,,,,,,,,,,,Submit,Cooperate,Escape,,,,,,,,,,,,,,,,,,,,,,,,,,Alien,,,,,,0.05,1,20,,,,,,,,,,,,,1,,,0.02,,,,,,,,,,,,,
Org_KS1411,Lightstar Orbital,Aerospace,2,map_England,false,,true,false,,Cooperate,Submit,250,,,,,,,,,,,,,orglogos/Lightstar_Orbital,,,,,,,,,,,,,,100,10,25,0.01,25,0.01,,,,,SpaceScience,0.02,Escape,,,,,,,,,100,2,,,,,,,,,,,,,100,1,,,,,,,,250,,AdvancedChemicalRocketry,,,,,,,0.01,,,,10,0.01,,,,,,,,,,,,,,,,,,,,Appease
Org_KS314,The Madisonian Society,Influence,2,map_Shenandoah,false,,true,true,,Resist,Appease,,100,,,,100,2,,,25,1,50,0.01,orglogos/Madisonian_Society,,,25,1,,,DefendInterests,GainInfluence,SetNationalPolicy,,,,,,,,,,,,,,,,,Destroy,Submit,,,100,2,,,,,,25,0.01,,,,,,,,,,,,,,,,,,,,,,,,,50,,,,,,,,,,,,,,2,,0.01,,,0.01,,,,,,,,,,Exploit
Org_KS462,Kaiser Securities,InformationTechnology,2,map_Prairies,false,,true,false,,Resist,Escape,250,,,100,2,100,2,100,1,25,1,50,0.01,orglogos/Kaiser_Securities,,,,,,,,,,,,,,100,10,,,,,,,,,InformationScience,0.02,Destroy,Appease,Exploit,,,,,25,3,100,1,,,,,,,,,,,,,,,,,,,,,,250,3,PhotonicComputing,,,,,1,,,,,,10,,1,,,,2,,0.01,,,,,,,,,,,,,Cooperate
Org_KS1967,Fondation Hyde et Hildr,NGO,2,map_Lyon,false,,true,false,,Resist,Destroy,,100,,100,3,100,2,,,,,,,orglogos/Fondation_Hyde_Et_Hildr,,,100,1,,,Advise,Stabilize,GainInfluence,,,,,,,,,,,,,,,,,Cooperate,Exploit,,,100,2,,,,,,,,,,,,,,,,,,,,,,,,,,,,3,,,,50,,,,,,,,,,,,,,2,,,,,,,,,,,,,,,Appease
Org_KS1654,Anarchy Inc.,InformationTechnology,3,map_California,false,,true,false,,Resist,Cooperate,250,100,,100,2,100,2,100,2,,,,,orglogos/Anarchy_Inc,33,1,,,,,SabotageProject,SabotageHabModule,SabotageFacilities,StealProject,,,,,,,,,,,,,,InformationScience,0.03,Destroy,Appease,Submit,Alien,100,1,,,,,,,,,,,,,,,,,,,,,,,,,,,500,3,QuantumComputing,,1,50,,,,,,,,,,,,,,2,,,,,,,,,,,,,,,Escape
Org_KS82,Crossing Rivers For Humanity,InformationTechnology,2,map_Cascadia,false,,true,false,,Resist,Cooperate,250,,,100,2,100,2,25,1,,,,,orglogos/Crossing_Rivers_For_Humanity,,,,,,,,,,,,,,100,10,,,,,,,,,InformationScience,0.02,Destroy,Appease,Exploit,Submit,100,1,,,,100,1,,,,,,,,,,,,,,,,,,,,,,250,3,,,,,,,,,,,,10,,,,,,2,,,,,,,,,,,,,,,
Org_KS140,The OLIVER Project,Research,2,map_England,false,,true,false,,Cooperate,Resist,250,,,,,,,,,,,,,orglogos/Oliver_Project,,,100,1,,,DetectCouncilActivity,StealProject,InvestigateAlienActivity,,,,,100,20,,,,,,,,,InformationScience,0.02,Escape,Destroy,Appease,Submit,,,,25,3,100,1,,,,,,2,,,,,,,,,,,,,,,,250,,,,,,,,,,,,,10,,,,,,,,,,,,,,,,,,,,,Exploit
Org_KS426,The Templin Institute,Investigations,3,map_Prairies,false,,true,false,,Resist,Appease,500,,,,,,,,,,,,,orglogos/Templin_Institute,,,100,3,,,,,,,,,,100,10,,,,,,,,,SocialScience,0.05,Destroy,Submit,,,,,,,,,,,,,,,,,,,,,,,,,,,,,,,500,,WeAreNotAlone,,,,,,,,,,,10,,,,1,,,,,,,,,,,,,,,,,Exploit
Org_KS2292,SGI,Security,3,map_California,false,,true,false,,Resist,Escape,500,,,,,,,50,1,100,2,,,orglogos/SGI,100,3,,,,,,,,,100,2,,100,10,,,,,,,,,MilitaryScience,0.03,Destroy,Appease,Submit,,,,,,,,,,,,,,,,,50,1,,,,,,,,,,,,500,,TerrestrialMilitaryScience,,1,,,,,,,,,10,,,,,,,,,,,,,,,,,,,,,Exploit
Org_KS2470,Mechanised Motor Supplies,Engineering,3,map_England,false,,true,false,,Resist,,1000,,,100,15,100,1,,,100,3,,,orglogos/MMS,25,1,,,,,Advise,Stabilize,,,25,1,,,,,,,,,,,,MilitaryScience,0.03,Destroy,,,,,,,100,4,,,,,,,,,,,,,,,,,,,,,,,,500,20,AugmentedReality,,1,,,,,,,,,,,,1,,,1,,,,,,,,,,,,,,,Escape
Org_KS2786,Wolfhound Forge Corp,Engineering,1,map_Germany,false,,true,false,,Resist,Appease,50,,,100,5,,,,,100,1,,,orglogos/Wolfhound_Forge_Corp,25,1,,,,,,,,,,,,,,,,,,,,,,MilitaryScience,0.01,Cooperate,Submit,,,,,,,,100,1,,,,,,1,,,,,,,,,,,,,,,,50,10,,,1,,,,,,,,,,,,,,,,,,,,,,,,,,,,,,Exploit
Org_KS2070,Schinhofen Books,Influence,1,map_California,false,,true,false,,Escape,Destroy,25,,,,,100,2,,,,,,,orglogos/Schinhofen_Books,,,,,,,,,,,,,,,,,,,,,,,,,,,Appease,Exploit,Submit,100,2,,,,,,,,,,,,,,,,,,,,,,,,,,,25,,,,,,,,,,,,,,,,,,,2,,,,,,,,,,,,,,,
Org_KS3404,CE Heavy Industries Inc.,Engineering,2,map_Germany,false,,true,false,,Destroy,Appease,500,,,50,1,,,,,50,1,,,orglogos/CE_Heavy_Industries,,,,,,,Advise,HostileTakeover,,,,,,,,,,,,,,,,Energy,0.03,Escape,Submit,,,,,,,,,,,,,,,2,,,,,,,,,,,,,,,,500,14,,,,,,,,,,,,,,,,,1,,,,,,,,,,,,,,,,Exploit
Org_KS1916,Intrepid Consulting,BusinessManagement,1,map_Scotland,false,,true,false,,Cooperate,Escape,750,,,100,2,,,,,,,,,orglogos/Intrepid_Consulting,,,,,,,Advise,HostileTakeover,,,,,,,,,,,,,,,,Materials,0.01,Appease,Submit,,,,,,100,5,,,,,,,,,,,,,,,,,,,,,,,,500,3,,,,,,,,,,,,,,,,,,,,,,,,,,,,,,,,,Exploit
Org_KS888,Truculent Logistics,Commercial,2,map_Italy,false,,true,false,,Resist,Appease,250,,,50,1,,,100,1,100,2,,,orglogos/Truculent_Logistics,100,2,,,,,,,,,,,,,,,,,,,,,,MilitaryScience,0.02,Destroy,Submit,,,,,,,,,,,,,,,,,,,,,,,,,,,,,,,250,9,,,,,,,,,,,,,,,,,,,,,,,,,,,,,,,,,Cooperate
Org_KS847,Free Federation of Industrial Workers,Engineering,2,map_NewEngland,false,,true,false,,Resist,Destroy,,100,,,,100,2,,,,,,,orglogos/Free_Federation_Of_Industrial_Workers,,,,,,,Propaganda,,,,,,,,,,,,,,,,,,,Cooperate,Exploit,Submit,,100,2,,100,3,,,,,,,,1,,,,,,,,,,,,,,,,,,,,,50,,,,,,,,,,,1,,,2,,,,,,,,,,,,,,,Escape
Org_KS4219,Filfla Aeronautics,Engineering,2,map_Naples,false,,true,false,,Resist,Destroy,350,,,,,,,,,,,,,orglogos/Filfla_Aeronautics,,,,,,,ControlSpaceAsset,Advise,,,,,,50,1,,,,,,,,,SpaceScience,0.02,Cooperate,Appease,Submit,,,,,100,3,100,1,,,,,,1,,,100,1,,,100,1,,,,,,,,350,,AdvancedChemicalRocketry,,,,,,,,,,,9,,,1,,,,,,,,,,,,,,,,,,Escape
Org_KS1480,Pelican Nanomedicine,Research,2,map_HighPlains,false,,true,false,,,,250,,,50,1,50,1,,,,,,,orglogos/Pelican_Nanomedecine,,,,,,,,,,,,,,100,20,,,,,,,,,LifeScience,0.1,,,,,,,,,,100,3,,,,,,,,,,,,,,,,,,,,,,250,14,Cybernetics,,,,,,,,,,,10,,,,,,1,,,,,,,,,,,,,,,
Org_KS612,Hexahedron Processing & Production,Commercial,2,map_NewYork,false,,true,false,,Cooperate,,250,,,100,50,,,,,,,,,orglogos/HPP,,,,,,,Inspire,,,,,,,,,,,,,,,,,,,Escape,,,,,,,100,3,,,,,,,,,,,,,,,,,,,,,,,,250,30,,,,,,,,,,,,,,,1,,,,,,,,,,,,,,,,,,
Org_KS3987,East Garden Genetics,Commercial,1,map_Ontario,false,,true,false,,Cooperate,,50,,,100,10,,,,,,,,,orglogos/East_Garden_Genetics,,,,,,,,,,,,,,50,1,,,,,,,,,LifeScience,0.01,Escape,,,,,,,,,100,1,,,,,,,,,,,,,,,,,,,,,,50,10,,,,,,,,,,,,9,,,,,,,,,,,,,,,,,,,,,Exploit
Org_KS4248,steak4all,Commercial,2,map_California,false,,true,false,,Cooperate,,500,,,100,35,50,1,25,1,,,,,orglogos/Steak4all,,,25,1,,,Advise,,,,,,,50,1,,,,,,,,,InformationScience,0.02,Appease,,,,25,1,,100,3,25,1,,,,,,1,,,,,,,,,,,,,,,,500,25,PhotonicComputing,,,,,,,,,,,9,,,1,,,2,,,,,,,,,,,,,,,Submit
Org_KS3845,Hyjinks' Minions,Security,2,map_HighPlains,false,,true,false,,Resist,Destroy,250,,,100,3,,,,,,,,,orglogos/HM,100,2,100,1,,,AssaultAlienAsset,Protect,Stabilize,,100,1,,,,,,,,,,,,,,Cooperate,Exploit,Submit,,,,,25,3,,,,,,,,,,,,,,,,,,,,,,,,250,4,ArrivalSecurity,,1,,,,,,,,,,,,,,,,,,,,,,,,,,,,,,Escape
Org_KS2688,Espero,Aerospace,2,map_Texas,false,,true,true,,Resist,Appease,350,,,50,1,,,,,,,,,orglogos/Espero,,,,,,,,,,,,,,,,,,,,,,,,,,Destroy,Submit,Alien,,,,,100,3,100,1,,,,,,,,,,,,,100,1,,,,,,,,250,14,SpaceMiningandRefining,,,,,,,,,1,,,,,1,,,,,,,,,,,,,,,,,,Exploit
Org_KS1487,Pax Robotica,Security,2,map_Shenandoah,false,,true,true,,Resist,Cooperate,250,,,,,,,50,1,100,2,,,orglogos/Pax_Robotica,100,2,,,,,AssaultAlienAsset,Assassinate,Coup,Stabilize,100,1,,,,,,,,,,,,,,Appease,Submit,,,,,,,,,,,,,,,,,,,,,,,,,,,,,,,250,,AugmentedReality,,1,,,,,,,,,,,,,,,,,,,,,,,,,,,,,,Exploit
Org_KS2034,The Sex Change Company,Research,1,map_Cascadia,false,,true,false,,,,50,,,50,1,,,,,,,,,orglogos/Sex_Change_Company,,,,,,,,,,,,,,100,10,,,,,,,,,LifeScience,0.05,,,,,25,1,,,,100,1,,,,,,,,,,,,,,,,,,,,,,50,4,Biotechnology,,,,,,,,,,,10,,,,,,,,,,,,,,,,,,,,,
Org_KS2577,Environmental Preservation Union,NGO,3,map_Shenandoah,false,,true,false,,Resist,Escape,,200,,25,1,100,2,,,,,,,orglogos/EPU,,,,,,,Advise,,,,,,,100,20,,,,,,,,,LifeScience,0.03,Destroy,Submit,,,100,2,,,,100,2,,,,,,,,,,,,,,,100,0.02,,,,,,,14,ArrivalInternationalDevelopment,,,100,,,,,,,,10,,,,,,3,,,,,,,,,,,0.02,,,,Cooperate
Org_KS2400,Formosa Industries,Engineering,3,map_Taiwan,false,,true,true,,Resist,Appease,1000,,,,,,,,,,,,,orglogos/Formosa_Industries,,,,,,,SabotageProject,,,,,,,100,20,,,,,,,,,Materials,0.03,Destroy,Exploit,Submit,,,,,100,4,100,2,,,,,,2,,,,,,,,,,,,,,,,500,,ArrivalEconomics,,,,,,,,,,,10,,,1,,,,,,,,,,,,,,,,,,Cooperate
Org_KS225,Fifth Column,Influence,2,map_EastGermany,false,,true,false,,Exploit,,250,100,,25,1,100,3,100,1,,,,,orglogos/Fifth_Column,100,1,25,1,,,,,,,,,,,,,,,,,,,,,,,,,,100,1,,,,,,,,,,,,,,,,,,,,,,,,,,,250,4,ArrivalInternationalRelations,,1,50,,,,,,,,,,,,,,3,,,,,,,,,,,,,,,
Org_KS169,Ughxalt,Security,2,map_NewZealand,false,,true,false,,,,250,100,5,25,1,25,1,100,1,33,1,,,orglogos/Ughxalt,100,2,33,1,,,Coup,Unrest,,,,,,25,1,,,,,,,,,MilitaryScience,0.02,,,,,33,1,,,,100,1,,,,,,,,,,,,,,,,,,,,,,250,4,WeAreNotAlone,,1,50,,,,,,,,4,,,,,,2,,,,,,,,,,5,,,,,
Org_KS1832,Solaris Automated Industries,Aerospace,3,map_BritishWestIndies,false,,true,false,,Resist,Cooperate,1000,,,50,1,,,,,,,,,orglogos/Solaris_Automated_Industries,,,,,,,,,,,,,,,,,,,,,,,,,,Escape,Appease,Submit,,,,,,,100,3,,,,,,1,,,,,,,100,1,,,,,,,,1000,9,AppliedArtificialIntelligence,,,,,,,,,1,,,,,,,,,,,,,,,,,,,,,,,
Org_KS396,SpaceTech,Aerospace,3,map_Texas,false,,true,false,,Resist,Cooperate,1500,,,,,,,,,,,,,orglogos/SpaceTech,,,,,,,,,,,,,,100,20,,,,,,,,,Energy,0.03,Destroy,Appease,Submit,Alien,,,,,,100,3,,,,,,,,,,,,,100,1,,,,,,,,1000,,AdAstra,,,,,,,,,1,,10,,,,,,,,,,,,,,,,,,,,,Escape
Org_KS3811,The DeSeer Foundation,NGO,1,map_England,false,,true,false,,Resist,Escape,,25,,50,1,100,2,25,1,,,,,orglogos/DeSeer_Foundation,,,,,,,,,,,,,,,,,,,,,,,,LifeScience,0.01,Destroy,Appease,Submit,,25,1,,,,100,1,,,,,,,,,,,,,,,,,,,,,,,4,,,,25,,,,,,,,,,,,,,2,,,,,,,,,,,,,,,Cooperate
Org_KS613,Aegis Defense Division,Security,2,map_Shenandoah,false,,true,false,,Resist,Appease,1000,,,,,100,1,,,100,2,,,orglogos/Aegis_Defense_Division,100,2,,,,,,,,,100,1,,,,,,,,,,,,,,Destroy,Exploit,Submit,Alien,,,,,,,,,,,,,,,,,,,,,,,,,,,,,500,,,,1,,1,,,,,,,,,,,,,1,,,,,,,,,,,,,,,Escape
Org_KS2176,Whitefang Industries,Aerospace,3,map_California,false,,true,false,,Resist,,2000,,,,,,,,,,,,,orglogos/Whitefang_Industries,,,,,,,,,,,,,,,,,,,,,,,,SpaceScience,0.03,Escape,,,,,,,100,4,100,2,,,,,,,,,,,,,100,1,,,,,,,,1000,,AdvancedChemicalRocketry,,,,,,,,,1,,,,,1,,,,,,,,,,,,,,,,,,Exploit
Org_KS236,Apiary Development Science,Engineering,2,map_Lyon,false,,true,false,,Destroy,Submit,250,,,,,,,,,75,1,,,orglogos/Apiary_Development_Science,,,,,,,,,,,,,,100,10,,,,,,,,,LifeScience,0.02,Cooperate,,,,,,,,,100,2,,,,,,1,,,,,,,,,,,,,,,,250,,,,,,,,,,,,,10,,,,,,,,,,,,,,,,,,,,,Escape
Org_KS4094,Babylon's Tower,Sect,3,map_Tehran,false,,true,false,,,,250,100,,,,,,,,,,,,orglogos/Babylon_Tower,100,2,,,,,,,,,,,,100,5,,,,,,,,,,,,,,,,,,,,100,3,,,,,,,,,,,,,,,,,,,,,,250,,ArrivalCulture,,1,100,,,,,,,,5,,,,,,,,,,,,,,,,,,,,,
Org_KS2409,Harper Analytics and Logistics,Influence,2,map_NewYork,false,,true,false,,Resist,Appease,500,,,,,,,,,,,,,orglogos/HAAL,,,,,,,Advise,Stabilize,Propaganda,,,,,,,,,,,,,,,SocialScience,0.02,Destroy,Exploit,Submit,,100,1,,100,3,,,,,,,,,,,,,,,,,,,,,,,,500,,,,,,,,,,,,,,,,1,,,,,,,,,,,,,,,,,,Cooperate
Org_KS1747,Second Chance,Security,2,map_Germany,false,,true,false,,Resist,Appease,350,,,,,,,,,100,3,,,orglogos/Second_Chance,100,2,50,1,,,Assassinate,AssaultAlienAsset,Coup,Detain,,,,,,,,,,,,,,MilitaryScience,0.02,Cooperate,Exploit,Submit,Alien,100,2,,,,,,,,,,,,,,,,,,,,,,,,,,,250,,TerrestrialMilitaryScience,,1,,,,,,,,,,,,,,,,,,,,,,,,,,,,,,Escape
Org_KS2112,Wynford Media Group,Influence,2,map_NorthernIreland,false,,true,false,,,,500,,,100,5,100,4,,,,,,,orglogos/Wynford_Media_Group,,,,,,,Propaganda,,,,,,,,,,,,,,,,,,,,,,,,,,,,,,,,,,,,,,,,,,,,,,,,,,,500,5,,,,,,,,,,,,,,,,,,4,,,,,,,,,,,,,,,
Org_KS4203,Libertatem Terrae,Aerospace,2,map_Sweden,false,,true,true,,Resist,Appease,350,,,,,,,,,,,,,orglogos/Libertatem_Terrae,,,,,,,,,,,,,,,,,,,,,,,,Energy,0.02,Destroy,Exploit,Submit,,,,,,,100,2,,,,,,1,,,100,2,,,100,1,,,,,,,,250,,AdvancedChemicalRocketry,,,,,,,,,,,,,,,,,,,,,,,,,,,,,,,,Cooperate
Org_KS580,Reddington Agency,Investigations,2,map_England,false,,true,false,,Resist,Cooperate,350,,,,,100,1,25,1,,,,,orglogos/Reddington_Agency,100,2,100,2,,,,,,,,,,25,1,,,,,,,,,,,Destroy,Appease,Submit,Alien,25,1,,,,,,,,,,,,,,,,,,,,,,,,,,,250,,,,1,,,,,,,,,4,,,,,,3,,,,,,,,,,,,,,,Escape
Org_KS991,Iron Rose Media,Influence,2,map_Shenandoah,false,,true,false,,Resist,Destroy,350,,,,,100,3,,,,,,,orglogos/Iron_Rose_Media,,,,,,,,,,,,,,,,,,,,,,,,,,Cooperate,Appease,Exploit,Submit,100,2,,,,,,,,,,,,,,,,,,,,,,,,,,,250,,,,,,,,,,,,,,,,,,,3,,,,,,,,,,,,,,,Escape
Org_KS1207,Laguna Foundation,Influence,2,map_California,false,,true,false,,Cooperate,Destroy,350,,,50,1,100,3,,,,,,,orglogos/Laguna_Foundation,,,,,,,GainInfluence,Stabilize,Propaganda,Turn,,,,100,10,,,,,,,,,SocialScience,0.02,Escape,Submit,,,100,1,,100,3,,,,,,,,,,,,,,,,,,,,,,,,250,9,,,,,,,,,,,,10,,,1,,,3,,,,,,,,,,,,,,,Appease
Org_KS4322,Kinetic Pressure Control Limited,Engineering,2,map_Texas,false,,true,false,,Resist,,250,,,,,,,,,,,,,orglogos/Kinetic_Pressure_Control_Limited,,,,,,,Advise,,,,,,,,,,,,,,,,,Materials,0.02,Cooperate,,,,,,,,,100,2,,,,,,2,,,,,,,,,,,,,,,,250,,,,,,,,,,,,,,,,,,,,,,,,,,,,,,,,,,Escape
Org_KS2568,Ryan & Company,BusinessManagement,2,map_England,false,,true,false,,Resist,Destroy,1250,,,100,2,100,1,,,,,,,orglogos/Ryan_Co,,,,,,,Advise,,,,,,,,,,,,,,,,,SocialScience,0.02,Cooperate,Submit,,,100,1,,100,6,,,,,,,,,,,,,,,,,,,,,,,,500,3,,,,,,,,,,,,,,,,,,2,,,,,,,,,,,,,,,Escape
Org_KS4388,Perun,Research,2,map_NewSouthWales,false,,true,false,,Resist,Submit,250,,,,,100,2,,,,,,,orglogos/Perun,,,,,,,Propaganda,,,,,,,100,20,,,,,,,,,SocialScience,0.05,Destroy,Appease,,,,,,,,100,2,,,,,,,100,0.01,100,1,,,,,,,,,,,,250,,,,,,,,0.01,,,,,10,,,,,,,,,,,,,,,,,,,,,Escape
Org_KS4431,Orbital Resource Extraction Inc.,Resource,3,map_RustBelt,false,,true,false,,Resist,Submit,1250,,,100,10,,,,,100,2,,,orglogos/OrbitalResourceExtractionInc,,,,,,,SeizeSpaceAsset,,,,,,,,,,,,,,,100,0.07,Energy,0.02,Escape,Appease,,,,,,,,100,1,,,,,,1,,,,,,,100,1,,,,,,,,500,5,SpaceCommerce,,,,,,,,,,,,,,,,,,,,,,,,,,,,,,,0.03,Exploit
Org_KS4464,KazKo Industries,Criminal,2,map_Almaty,false,,true,true,Criminal,Resist,Submit,500,,,100,7,,,,,100,1,,,orglogos/KazKo_Industries,,,,,,,Assassinate,Coup,,,,,,,,,,,,,,,,,,Destroy,Appease,,,,,,,,,,,,,,,,,,100,2,,,,,,,,,,,,250,7,AdvancedChemicalRocketry,,,,,,,,,,,,,,,,,,,,,,,,,,,,,,,,Exploit
Org_KS4495,Croslea Biotech,Research,2,map_Ontario,false,,true,false,,Resist,Submit,350,,,100,1,,,,,,,,,orglogos/Croslea_Biotech,,,,,,,,,,,,,,100,20,,,,,,,,,LifeScience,0.05,Cooperate,,,,100,1,,100,3,100,2,,,50,0.01,,,,,,,,,,,,,50,0.01,,,,250,9,,,,,,,,,,,,10,,,,,,,,,0.01,0.03,,,,,,,,,,,Exploit
Org_KS4494,Jolt Games,Commercial,1,map_NewSouthWales,false,,true,false,,Resist,Alien,50,,,100,1,100,1,,,,,,,orglogos/Jolt_Games,,,,,,,AssaultAlienAsset,,,,100,1,,,,,,,,,,,,,,Destroy,Appease,Submit,,,,,,,,,,,,,,,,,,,,,,,,,,,,,,50,4,,,,,,,,,,,,,,,,,,1,,,,,,,,,,,,,,,Escape
Org_KS4496,Door Inc.,Research,2,map_RockyMountains,false,,true,false,,Destroy,Exploit,350,,,100,1,,,,,,,,,orglogos/Door_Inc,,,,,,,HostileTakeover,Stabilize,,,,,,100,10,,,,,,,,,SocialScience,0.04,Cooperate,Submit,,,,,,100,3,100,2,,,50,0.01,,1,,,,,,,,,,,,,,,,350,9,,,,,,,,,,,,10,,,,,,,,,0.01,,,,,,,,,,,,Escape
Org_KS4503,Mogul Intelligence Broker,Investigations,2,map_California,false,,true,false,,Resist,,350,,,,,,,100,2,,,,,orglogos/Mogul_Intelligence_Broker,100,1,100,2,,,StealProject,,,,,,,,,,,,,,,,,,,Destroy,,,,,,,,,,,,,,,,,,,,,,,,,,,,,,,,350,,,,1,,,,,,,,,,,,,,,,,,,,,,,,,,,,,,Exploit
Org_KS4482,Arcturus Heavy Industries,Engineering,2,map_England,false,,true,false,,Resist,,1000,,,100,5,,,,,,,,,orglogos/Arcturus_Heavy_Industries,,,,,,,,,,,,,,25,1,,,100,0.02,,,100,0.04,SpaceScience,0.01,Escape,,,,,,,,,100,1,,,,,,1,,,,,,,25,1,,,,,,,,500,10,MissiontoMars,,,,,,,0.01,,,,4,,,,,,,,,,,,,,,,,,,,0.02,Exploit
Org_KS4510,Energy Independence Initiative,Engineering,2,map_Texas,false,,true,false,,Resist,,250,,,100,2,,,,,,,,,orglogos/Energy Independence Initiative ,,,,,,,Advise,,,,,,,100,10,,,,,,,,,SocialScience,0.02,Cooperate,,,,100,1,,,,100,2,,,25,0.01,,1,,,,,,,,,100,0.02,,,,,,250,3,,,,,,,,,,,,5,,,,,,,,,,,,,,,,,0.02,,,,Exploit
AdAstraGames,Ad Astra Games,Commercial,1,map_NewYork,false,,true,false,,Resist,,50,,,100,1,,,,,,,,,orglogos/AdAstraGames,,,,,,,Advise,,,,100,2,,100,1,,,,,,,,,MilitaryScience,0.01,Escape,,,,,,,,,,,,,,,,,,,,,,,,,,,,,,,,10,2,OrbitalShipbuilding,,,,,,,,,,,1,,,,,,,,,,,,,,,,,,,,,
Org_KS3039,DragonTech IT Services,InformationTechnology,3,map_Dixie,false,,true,false,,Cooperate,Appease,1000,,,100,5,,,100,3,,,,,orglogos/DragonTechITServices,100,1,,,,,StealProject,SabotageProject,,,,,,100,10,,,,,,,,,InformationScience,0.03,Escape,Submit,,,,,,,,100,1,,,,,,,,,100,1,,,,,,,,,,,,500,5,AdvancedNeuralNetworks,,1,,,,,,,,,10,,,,,,,,,,,,,,,,,,,,,
Org_KS4440,Shimura-Suzumiya Conglomerate,Engineering,3,map_NorthHonshu,false,,true,false,,,,750,,,75,1,,,,,100,2,,,orglogos/ShimuraSuzumiyaConglomerate,,,,,,,,,,,,,,100,10,,,,,,,,,MilitaryScience,0.03,,,,,,,,,,100,2,,,,,,2,,,,,100,0.02,100,1,,,,,,,,250,9,,,,,,,,,,,,10,,,,,,,0.01,,,,,,,,,,,,,,
Org_KS4514,Shield Initative,Security,2,map_RockyMountains,false,,true,false,,Resist,Appease,500,,,50,1,50,2,,,100,2,,,orglogos/ShieldInitative,,,,,,,Stabilize,Advise,DefendInterests,,100,1,,100,5,,,,,,,,,MilitaryScience,0.02,Escape,Submit,Alien,,,,,,,100,1,,,,,,1,,,,,,,,,,,,,,,,250,4,,,,,,,,,,,,5,,,,,,3,,,,,,,,,,,,,,,Exploit
Org_KS4509,Children of the Cog,InformationTechnology,3,map_England,false,,true,false,,Resist,Appease,500,100,,,,100,2,,,,,,,orglogos/children_of_the_cog,,,100,2,,,InvestigateCouncilor,InvestigateAlienActivity,DetectCouncilActivity,,,,,100,5,,,100,0.01,,,,,Energy,0.01,Destroy,Submit,Cooperate,Alien,50,1,,,,100,2,,,,,,1,,,,,100,0.01,50,0.5,,,,,,,,500,,Cybernetics,,,100,,,,0.01,,,,5,,,,1,,3,,,,,,1,,,,,,,,,Exploit
Org_KS4515,Goddard Space Flight Center,Research,3,map_Shenandoah,false,,true,false,,Resist,,,160,,100,-50,,,,,,,,,orglogos/GSFC,,,,,,,,,,,,,,100,40,100,0.03,100,0.03,100,0.03,,,SpaceScience,0.15,Cooperate,,,,,,,,,100,2,,,100,0.02,Criminal,1,,,100,1,,,,,,,,,,,,,,,,,,,,,,,,,,,,,,,,,,,,,,,,,,,,,,Escape
Org_KS3357,Far Horizons OU,Engineering,1,map_Estonia,false,,true,false,,Resist,Destroy,50,,,50,1,,,,,,,,,orglogos/Far_Horizons_OU,,,,,,,Advise,,,,,,,100,10,,,,,100,0.02,,,InformationScience,0.01,Cooperate,Exploit,Submit,,,,,,,100,1,,,,,,1,,,,,,,,,,,,,,,,50,9,,,,,,,,,,,,10,,,,,,,,,,,,,,,,,,,,,Escape
